Numéro,Titre,Auteur(s),Ville(s)
Mémoire n°01,Éditorial  ,Denis Bellon ,Vizille
Mémoire n°01,Comment la Ille République a sombré Journal de Marguerite Lebrun (août 39 julle 40)  ,Eric Freysselinard ,Vizille
Mémoire n°01,Notre couverture  ,Robert Aillaud ,Pays vizillois
Mémoire n°01,Vie rurale à Brié pendant la période révolutionnaire  ,Henri Rey ,Brié et Angonnes
Mémoire n°01,"Paul Michel, photographe  ",- ,Vizille
Mémoire n°01,La bataille de Jarrie  ,Yvette Virot ,Jarrie
Mémoire n°01,Alexandre Zeis - Une récente découverte  ,Gérard Mingat ,Pays vizillois
Mémoire n°01,Alexandre Zeis - Une récente découverte  ,Gérard Mingat ,Pays vizillois
Mémoire n°01,L'inondation de 1928 à Bourg d'Oisans  ,Denis Bellon ,Pays vizillois
Mémoire n°01,Bains électriques d'air chaud au château de Vizille  ,Gérard Mingat ,Vizille
Mémoire n°01,Le choléra dans nos contrées en 1854  ,Bernard Mingone ,Séchilienne
Mémoire n°01,Le pont de la Rivoire  ,Yves Armand ,Saint Georges de Commiers
Mémoire n°01,D'aigua sioplait (de l'eau s'il vous plaît)  ,Denis Bellon ,Vizille
Mémoire n°01,Le souvenir  ,Jean Danz ,Vizille
Mémoire n°01,Les Tissages de Vizille de 1918 à 1968 ()  ,Jean Huyghe ,Vizille
Mémoire n°01,A propos du Prieuré de Vizille  ,Jeanne De Gaudenzi ,Vizille
Mémoire n°01,I - Un séjour à émotion de Marcel Deprez  ,Alain Emery ,Jarrie
Mémoire n°01,Un grand mariage à Vizille au XVIIIe siècle  ,Germaine Billon ,Vizille
Mémoire n°01,La chapelle Sainte Madeleine  ,Gilbert Gacon ,Champ sur Drac
Mémoire n°01,La chapelle Sainte Madeleine  ,Gilbert Gacon ,Notre Dame de Mésage
Mémoire n°01,Les femmes dans la guerre de 14-18 - Seconde partie )  ,Marie-Claude Argoud ,Pays vizillois
Mémoire n°01,Les femmes dans la guerre de 14-18 - Seconde partie )  ,Marie-Claude Argoud ,Vizille
Mémoire n°01,Comment a commencé ma collection d'objets sur les JeuxOlympiques d'hiver de Grenoble  ,Marc Robert ,Vizille
Mémoire n°01,La page utile  ,- ,Vizille
Mémoire n°02,Premiers noms connus à Séchilienne  ,Bernard Mingone ,Séchilienne
Mémoire n°02,II - Biographie de Marcel Deprez  ,Alain Emery ,Jarrie
Mémoire n°02,Chapelle de Montchaboud  ,Jacques Jérome ,Montchaboud
Mémoire n°02,Incendie de Champ village  ,Gérard Odore ,Champ sur Drac
Mémoire n°02,Drame dans la montagne de Vaulnaveys  ,Albert Gaillard ,Vaulnaveys le haut
Mémoire n°02,Propriétaires successifs du Château de Vizille  ,Gérard Mingat ,Vizille
Mémoire n°02,Le secret de la mine  ,Laurent Vivarat ,Vaulnaveys le haut
Mémoire n°02,"Foires, fêtes et loisirs à Brié  ",Pierre Melquiond ,Brié et Angonnes
Mémoire n°02,Recettes dauphinoises  ,Adrienne Celso ,Jarrie
Mémoire n°02,Lou rena et lou courba  ,Valérie Robert-Michon ,Pays vizillois
Mémoire n°02,Vizille en feu  ,Bernard Mingone ,Vizille
Mémoire n°02,Evolution de l'art religieux : St Hippolyte des Angonnes  ,Paul Wohlschlegel ,Brié et Angonnes
Mémoire n°02,Louis XIII et Richelieu à Jarrie  ,Adrienne Celso ,Jarrie
Mémoire n°02,Manière de se soigner autrefois  ,Marguerite Vianney-Liaud ,Herbeys
Mémoire n°02,Bibliographie et sources  ,Pierre Melquiond ,Pays vizillois
Mémoire n°03,La romance des bruleurs de loups  ,Paul Berret ,Pays vizillois
Mémoire n°03,Stendhal en pays vizillois  ,Pierre Melquiond ,Pays vizillois
Mémoire n°03,Le train dans le canton de Vizille  ,Yvette Virot ,Jarrie
Mémoire n°03,"Peillaud, le guide de l'Ile Falcon  ",Raymond Joffre ,Saint Barthélémy de Séchilienne
Mémoire n°03,Saint François Régis (chapelle)  ,Gilles Strappazzon ,Saint Barthélémy de Séchilienne
Mémoire n°03,Vizille et le tour de France  ,Jean Guitton ,Vizille
Mémoire n°03,Saint Georges de Commiers  ,Fernand Boeuf ,Saint Georges de Commiers
Mémoire n°03,La marmite de Lesdiguières  ,Gérard Mingat ,Vizille
Mémoire n°03,III - Marcel Deprez : l'expérience de Jarrie  ,Alain Emery ,Jarrie
Mémoire n°03,Vizille il y a 100 ans  ,Robert Aillaud ,Vizille
Mémoire n°03,Journées mésageoises : exposition St-Pierre  ,Robert Aillaud ,Saint Pierre de Mésage
Mémoire n°03,L'église de Vizille : un siècle de péripéties  ,Raoul Naz ,Vizille
Mémoire n°03,Le certificat d'études primaires  ,Paul Wohlschlegel ,Brié et Angonnes
Mémoire n°03,Bibliographie et sources  ,Pierre Melquiond ,Pays vizillois
Mémoire n°04,La vallée de la Romanche (moyenne et basse)  ,Paul Wohlschlegel ,Vizille
Mémoire n°04,Les docteurs Bonnardon  ,Anne-Marie Causse ,Vizille
Mémoire n°04,Les tribulations du Baptiste  ,Aline Pignat ,Séchilienne
Mémoire n°04,Contrat de mariage  ,Bernard Mingone ,Séchilienne
Mémoire n°04,Villeneuve d'Uriage et son église  ,Marguerite Vianney-Liaud ,Villeneuve d'Uriage
Mémoire n°04,Cinquante ans déjà : la dissolution du 6e BCA  ,Paul Blanc ,Brié et Angonnes
Mémoire n°04,Le mariage de Céline : la mariée humoriste  ,René Simiand ,Jarrie
Mémoire n°04,Le train de St Georges  ,Fernand Boeuf ,Saint Georges de Commiers
Mémoire n°04,De Grenoble à Brié  ,Henri Rey ,Brié et Angonnes
Mémoire n°04,La guerre de 14/18  ,"Gérard Mingat ,  Aline Pignat ",Pays vizillois
Mémoire n°04,Le quartier de la Gaffe  ,Jean Fagno ,Vizille
Mémoire n°04,Bibliographie et sources  ,Pierre Melquiond ,Pays vizillois
Mémoire n°04,Protection et restauration du Prieuré de Vizille  ,Robert Aillaud ,Vizille
Mémoire n°05,Organigramme de la direction du patrimoine  ,Robert Aillaud ,Isère
Mémoire n°05,Notre patrimoine : signification  ,Robert Aillaud ,Pays vizillois
Mémoire n°05,Le musée de Champ sur Drac  ,Robert Aillaud ,Champ sur Drac
Mémoire n°05,Faits divers : Incendie des Traverses à St Pierre de Mésage  ,Germaine Billon ,Saint Pierre de Mésage
Mémoire n°05,Villages Laffrey et St Jean de Vaulx  ,Robert Aillaud ,Laffrey
Mémoire n°05,Villages Laffrey et St Jean de Vaulx  ,Robert Aillaud ,Saint Jean de Vaux
Mémoire n°05,Route de Brié  ,Pierre Melquiond ,Brié et Angonnes
Mémoire n°05,Les papeteries de Vizille : plus de 400 ans cette année  ,Robert Aillaud ,Vizille
Mémoire n°05,Prieuré de Vizille : quoi de neuf !  ,Robert Aillaud ,Vizille
Mémoire n°05,IV - Transport d'électricité - Marcel Deprez  ,Alain Emery ,Jarrie
Mémoire n°05,Une exploitation agricole au XVIIIe - St Pierre de Mésage  ,André Glaudas ,Saint Pierre de Mésage
Mémoire n°05,La formation des groupes de résistance à Vizille  ,Gérard Mingat ,Vizille
Mémoire n°05,Le Prieuré de St Michel de Connexe  ,Gilbert Gacon ,Champ sur Drac
Mémoire n°05,Adduction d'eau à St Jean et Notre Dame de Vaulx  ,René Villiot ,Saint Jean de Vaux
Mémoire n°06,La basse vallée de la Romanche  ,Paul Wohlschlegel ,Vizille
Mémoire n°06,I - La vie en 1793 à Champ sur Drac sous la révolution ,Gilbert Gacon ,Champ sur Drac
Mémoire n°06,Métiers d'antan  ,Fernand Boeuf ,Saint Georges de Commiers
Mémoire n°06,50 ans déjà : la Rafle du 18 février 1944  ,"Robert Aillaud ,  Gérard Mingat ",Vizille
Mémoire n°06,I - le fort des 4 seigneurs  ,"Robert Bornecque ,  Marguerite Vianney-Liaud ",Herbeys
Mémoire n°06,II - le fort des 4 seigneurs  ,"Robert Bornecque ,  Marguerite Vianney-Liaud ",Herbeys
Mémoire n°06,Poème d'hier : si mes grands-parents revenaient  ,Aline Pignat ,Notre Dame de Mésage
Mémoire n°06,Vie quotidienne : la buille chez nos grans-mères  ,Germaine Billon ,Saint Pierre de Mésage
Mémoire n°06,Vins futés des grands-mères  ,Germaine Billon ,Notre Dame de Mésage
Mémoire n°06,Bibliographie et sources  ,Pierre Melquiond ,Pays vizillois
Mémoire n°06 bis,Libération du pays vizillois - 22 aout 1944 (n° spécial)  ,"Robert Aillaud ,  Gérard Mingat ",Pays vizillois
Mémoire n°07,II - La vie en 1793 à Champ sur Drac sous la révolution ,Gilbert Gacon ,Champ sur Drac
Mémoire n°07,Guigues II : neuvième prieur des Chartreux  ,Pierre Melquiond ,Brié et Angonnes
Mémoire n°07,Un peu de toponymie  ,André Frances ,Vizille
Mémoire n°07,Visite de l'évêque de Grenoble : 1672 à Séchilienne  ,Bernard Mingone ,Séchilienne
Mémoire n°07,Les vins futés de nos grands-mères  ,Germaine Billon ,Saint Pierre de Mésage
Mémoire n°07,Souvenirs autour de St Firmin  ,Aline Pignat ,Notre Dame de Mésage
Mémoire n°07,Adolphe Delleda : coureur cycliste  ,Jean Guitton ,Vizille
Mémoire n°07,Docteur Billerey à Brié  ,Pierre Melquiond ,Brié et Angonnes
Mémoire n°07,22 aout 1944 : le film oublié  ,Robert Aillaud ,Vizille
Mémoire n°07,Le moulin neuf de Tavernolles  ,Richard Dupuy ,Brié et Angonnes
Mémoire n°07,Métiers ambulants  ,Germaine Billon ,Pays vizillois
Mémoire n°07,Bibliographie et sources : le Prieuré de Vizille  ,Pierre Melquiond ,Vizille
Mémoire n°07,Il était une fois à Jarrie : les travaux des champs  ,Jeanette Cheveu D'or ,Jarrie
Mémoire n°08,Facheux XXe siècle : St Michel de Connexe  ,Robert Aillaud ,Champ sur Drac
Mémoire n°08,Facheux XXe siècle : St Michel de Connexe  ,Robert Aillaud ,Séchilienne
Mémoire n°08,La vallée de la Romanche  ,Paul Wohlschlegel ,Pays vizillois
Mémoire n°08,Un instrument insolite  ,Marguerite Vianney-Liaud ,Herbeys
Mémoire n°08,15 mars 1777 : testament de l'abbé de Beauregard  ,Pierre Coing Boyat ,Jarrie
Mémoire n°08,Tournerie de Vaulnaveys le haut  ,Josiane Morel ,Vaulnaveys
Mémoire n°08,La pierre cerise  ,"André Falco ,  Edith Falco ",Saint Pierre de Mésage
Mémoire n°08,"Une belle trouvaille, un bon réflexe  ",Robert Aillaud ,Jarrie
Mémoire n°08,St Barthélémy : église raconte moi ton histoire  ,Michel Vial ,Saint Barthélémy de Séchilienne
Mémoire n°08,Il était une fois Jarrie : les plaisirs de neige  ,Jeanette Cheveu D'or ,Jarrie
Mémoire n°08,Le rideau de scène de la cité Navarre  ,Sylvie Vincent ,Champ sur Drac
Mémoire n°08,Un contrat d'apprentissage : 1895 à Brié  ,Pierre Melquiond ,Brié et Angonnes
Mémoire n°08,Traditions et coutumes dans la région  ,Germaine Billon ,Saint Pierre de Mésage
Mémoire n°08,Construction d'un pont Tarron par le génie  ,Robert Aillaud ,Vizille
Mémoire n°08,"Renards d'aujourd'hui, loups d'autrefois  ",Aline Pignat ,Séchilienne
Mémoire n°08,La croix de Chamrousse  ,Raymond Joffre ,Chamrousse
Mémoire n°08,Bibliographie et sources  ,Pierre Melquiond ,Brié et Angonnes
Mémoire n°09,Au revoir père Meyer  ,Jeanette Cheveu D'or ,Champ sur Drac
Mémoire n°09,Attention : un malentendu peut en cacher un autre  ,Louis Bourdat ,Vizille
Mémoire n°09,Une soirée inoubliable  ,Aline Pignat ,Notre Dame de Mésage
Mémoire n°09,La St Barnard (et chanson)  ,Aline Pignat ,Notre Dame de Mésage
Mémoire n°09,Vie religieuse à Vaulnaveys  ,Marguerite Vianney-Liaud ,Vaulnaveys le haut
Mémoire n°09,I - Les aventures de Charvet - Citoyen vizillois  ,Gérard Mingat ,Vizille
Mémoire n°09,Conventions rapport  ,Adrienne Celso ,Bresson
Mémoire n°09,Cure et littérature à Uriage  ,Pierre Bourdat ,Uriage
Mémoire n°09,La bataille de St Barthélémy de Séchilienne  ,Bernard Mingone ,Saint Barthélémy de Séchilienne
Mémoire n°09,Les sapeurs pompiers St Georgeois  ,Fernand Boeuf ,Saint Georges de Commiers
Mémoire n°09,Chantier archéologique de Varces  ,Eric Plassot ,Varces
Mémoire n°10,Naissance d'un blason  ,Gilbert Vanel ,Vaulnaveys le bas
Mémoire n°10,II - Les aventures de Charvet  ,Gérard Mingat ,Vizille
Mémoire n°10,Paysages du canton de Vizille  ,Paul Wohlschlegel ,Pays vizillois
Mémoire n°10,Vizille 1711 : un contrat d'apprentissage  ,Pierre Melquiond ,Vizille
Mémoire n°10,Chateau d'Herbeys  ,Marguerite Vianney-Liaud ,Herbeys
Mémoire n°10,Enfant à Vizille dans les années 30  ,Jean Perrin ,Vizille
Mémoire n°10,Religion réformée - Brié en 1727  ,Pierre Melquiond ,Brié et Angonnes
Mémoire n°10,St Pierre de Mésage - son église  ,Michel Vial ,Saint Pierre de Mésage
Mémoire n°10,Que ferons-nous de nos églises ?  ,Claire Marconnet ,Pays vizillois
Mémoire n°10,Familles nobles du M.A. à Brié  ,Pierre Melquiond ,Brié et Angonnes
Mémoire n°10,Un intérieur paysan en 1710 et 1880  ,Pierre Melquiond ,Brié et Angonnes
Mémoire n°10,Un intérieur paysan en 1710 et 1880  ,Pierre Melquiond ,Saint Pierre de Mésage
Mémoire n°10,"Le ""port"" de Gavet  ",Yves Marcel ,Livet et Gavet
Mémoire n°10,Comment fut fixé le prix du pain à Vizille en 1615 ,Pierre Coing Boyat ,Vizille
Mémoire n°10,Le village nègre  ,Gabriel Perrin ,Vizille
Mémoire n°11,Le raffour de la montagne du Péage  ,"André Falco ,  Edith Falco ",Vizille
Mémoire n°11,Balade automnale d'un enfant vers 1930  ,Aline Pignat ,Notre Dame de Mésage
Mémoire n°11,Lo Toëne de Monchaffrey  ,Raymond Joffre ,Vaulnaveys le bas
Mémoire n°11,III - Les aventures de Charvet  ,Gérard Mingat ,Vizille
Mémoire n°11,L'histoire du Mont-Larron  ,Paul Courteaud ,Vaulnaveys le bas
Mémoire n°11,Missionnaire de la Salette : le révérend Père Archier  ,Germaine Billon ,Saint Pierre de Mésage
Mémoire n°11,Archéologie : la plaine du Lavanchon  ,Eric Plassot ,Saint Paul de Varces
Mémoire n°11,Le musée historique de la vallée de la Romanche  ,Caroline Curnier ,Livet et Gavet
Mémoire n°11,En 1782 : les vaches de Brié étaient-elles folles ?  ,Pierre Melquiond ,Brié et Angonnes
Mémoire n°11,Quand Jean-Jacques Rousseau cherchait une maison  ,Pierre Melquiond ,Brié et Angonnes
Mémoire n°11,Souvenir des usines Keller  ,"André Clergeot ,  Yvette Emieux ",Livet et Gavet
Mémoire n°11,Il était une fois Jarrie : les commerces  ,Jeanette Cheveu D'or ,Jarrie
Mémoire n°11,Retour à l'école des cadres d'Uriage  ,Pierre Bourdat ,Uriage
Mémoire n°11,Soirée Rigodon à Pellafol 10 aout 1996  ,Germaine Billon ,Pellafol
Mémoire n°11,Pique-nique avec les amis de la vallée de la Gresse  ,Germaine Billon ,Monestier de Clermont
Mémoire n°11,Les deux mulets (poème)  ,"Gérard Mingat ,  Michel Vial ",Vaulnaveys le bas
Mémoire n°12,I - Les registres paroissiaux de Brié  ,Pierre Melquiond ,Brié et Angonnes
Mémoire n°12,IV - Les aventures de Charvet  ,Gérard Mingat ,Vizille
Mémoire n°12,Le plâtre d'Herbeys  ,Marguerite Vianney-Liaud ,Herbeys
Mémoire n°12,Un aspect de la vie des campagnes - St Barthélémy de Séchilienne ,Bernard Mingone ,Saint Barthélémy de Séchilienne
Mémoire n°12,18 février 1944  ,Jean Perrin ,Vizille
Mémoire n°12,Vizille fait divers : 18 février 1944  ,Louis Girard-Reydet ,Vizille
Mémoire n°12,Les scouts de Vizille  ,Jean Fagno ,Vizille
Mémoire n°12,Moulin syndical de Vaulnaveys le haut  ,Anne Cayol Gerin ,Vaulnaveys le haut
Mémoire n°12,La chartreuse de Prémol  ,Marguerite Vianney-Liaud ,Vaulnaveys le haut
Mémoire n°12,Dramatiques évènements aux Angonnes  ,Pierre Melquiond ,Brié et Angonnes
Mémoire n°12,Toponymie et origine des noms des communes  ,Pierre Melquiond ,Pays vizillois
Mémoire n°12,Bibliographie et sources  ,Pierre Melquiond ,Pays vizillois
Mémoire n°13,"""L'aigle a deux têtes"" vu par Raymond Voinquel  ",Alain Chevalier ,Vizille
Mémoire n°13,II - Les registres paroissiaux de Brié  ,Pierre Melquiond ,Brié et Angonnes
Mémoire n°13,Défense et illustration du patrimoine  ,Pierre Melquiond ,Brié et Angonnes
Mémoire n°13,Il revient : retour de Napoléon  ,Pierre Melquiond ,Brié et Angonnes
Mémoire n°13,Un projet de monument commémoratif du passage de Napoléon  ,Roger Morard ,Laffrey
Mémoire n°13,Les conscrits (St Pierre et Notre Dame)  ,"Germaine Billon ,  Aline Pignat ",Notre Dame de Mésage
Mémoire n°13,Les conscrits (St Pierre et Notre Dame)  ,"Germaine Billon ,  Aline Pignat ",Saint Pierre de Mésage
Mémoire n°13,"Le battage, du fléau à la batteuse  ",Germaine Billon ,Saint Pierre de Mésage
Mémoire n°13,"Une coutume religieuse : ""le pain bénit""  ",Gilbert Gacon ,Champ sur Drac
Mémoire n°13,V - Les aventures de Charvet : 1814-1816  ,Gérard Mingat ,Vizille
Mémoire n°13,Journées du patrimoine 21 septembre 1997  ,Germaine Billon ,Grenoble
Mémoire n°14,La croix du Mottet  ,Michel Vial ,Séchilienne
Mémoire n°14,A propos de cloche  ,Suzanne Ehrhard ,Brié et Angonnes
Mémoire n°14,Un curé de choc à St Martin de la Cluze  ,Pierre Coing Boyat ,Saint Martin de la Cluze
Mémoire n°14,III - Les registres paroissiaux de Brié (fin)  ,Pierre Melquiond ,Brié et Angonnes
Mémoire n°14,Quand les vizillois chantaient  ,Robert Aillaud ,Vizille
Mémoire n°14,VI - Les aventures de Charvet  ,Gérard Mingat ,Vizille
Mémoire n°14,Les débuts du tourisme dans notre région  ,Marie-Thérèse Emery ,Pays vizillois
Mémoire n°14,Un mariage compromis à Jarrie  ,Pierre Coing Boyat ,Jarrie
Mémoire n°14,Avis de recherche  ,Robert Aillaud ,Vizille
Mémoire n°14,Un trépas très suivi  ,Bernard Mingone ,Vaulnaveys le haut
Mémoire n°14,Chamrousse : station olympique de Duhamel à Killy  ,Bernadette Belmont ,Chamrousse
Mémoire n°14,Le monologue de Janin  ,Jean Millet ,Pays vizillois
Mémoire n°14,Histoire d'un site industriel  ,Alain Emery ,Jarrie
Mémoire n°14,Vogues avec violence  ,Daniel Templier ,Cholonge
Mémoire n°14,Le dore  ,Georges Mancat ,La Morte
Mémoire n°14,Traditions et coutumes de Vizille  ,Claude Muller ,Vizille
Mémoire n°14,Actualités : les 20 ans de Bonrepos  ,Robert Aillaud ,Jarrie
Mémoire n°14,Abbaye de Boscodon : sortie du 6 juin 1998  ,Michel Vial ,Crots
Mémoire n°14 bis,Le tour de France en pays Vizillois (n° spécial)  ,"Gérard Mingat ,  Jean Guitton ",Pays vizillois
Mémoire n°15,Le chatelain d'Herbeys  ,Marguerite Vianney-Liaud ,Herbeys
Mémoire n°15,Les cloutiers de St Barthélémy  ,Bernard Mingone ,Saint Barthélémy de Séchilienne
Mémoire n°15,Le président Gaston Doumergue à Prémol  ,Lucienne Cret ,Chamrousse
Mémoire n°15,Le trolleybus du Péage de Vizille  ,Jean Perrin ,Vizille
Mémoire n°15,VII - Les aventures de Charvet (fin)  ,Gérard Mingat ,Vizille
Mémoire n°15,"A la fin du XVIIe siècle, un évêque en visite pastorale dans notre région  ",Michel Vial ,Notre Dame de Mésage
Mémoire n°15,"A la fin du XVIIe siècle, un évêque en visite pastorale dans notre région  ",Michel Vial ,Saint Pierre de Mésage
Mémoire n°15,L'appareil judiciaire grenoblois Napoléon et la magistrature  ,Roger Morard ,Grenoble
Mémoire n°16,Le chateau de Bonrepos  ,Pierre Coing Boyat ,Jarrie
Mémoire n°16,L'historique de la fusillade des Tillegrets  ,Fernand Boeuf ,Saint Georges de Commiers
Mémoire n°16,I - Le fort de Montavie : les fortifications  ,Michaël Galle ,Brié et Angonnes
Mémoire n°16,L'abjuration  ,Germaine Billon ,Saint Pierre de Mésage
Mémoire n°16,I - Les visites pastorales du Cardinal Le Camus en Pays Vizillois  ,Michel Vial ,Brié et Angonnes
Mémoire n°16,I - Les visites pastorales du Cardinal Le Camus en Pays Vizillois  ,Michel Vial ,Herbeys
Mémoire n°16,Jadis et naguère Chamrousse-Béranger  ,Bernadette Belmont ,Chamrousse
Mémoire n°17,II - Le fort de Montavie : un projet de reconversion  ,Michaël Galle ,Brié et Angonnes
Mémoire n°17,Un cheval peu ordinaire  ,Jeanette Cheveu D'or ,Jarrie
Mémoire n°17,Il était une fois Jarrie : la colonie de St Maurice en Trièves  ,Jeanette Cheveu D'or ,Jarrie
Mémoire n°17,La restauration de la chapelle des Angonnes  ,Pierre Melquiond ,Brié et Angonnes
Mémoire n°17,Comme autrefois  ,Aline Pignat ,Notre Dame de Mésage
Mémoire n°17,Accident du grand mur dans la cote de Laffrey : 25 aout 1946  ,Germaine Billon ,Saint Pierre de Mésage
Mémoire n°17,Relation des incidents survenus à Jarrie en juillet et août 44  ,Georgette Balor ,Jarrie
Mémoire n°17,L'art roman dans le canton de Vizille  ,Paul Wohlschlegel ,Notre Dame de Mésage
Mémoire n°17,Chroniques de Champagnier dans les grimoires de Bonrepos  ,Pierre Coing Boyat ,Champagnier
Mémoire n°17,II - Les visites pastorales du Cardinal Le Camus en Pays Vizillois  ,Michel Vial ,Pays vizillois
Mémoire n°18,Il était une fois Jarrie : traditions chrétiennes d'antan  ,Jeanette Cheveu D'or ,Jarrie
Mémoire n°18,1943 - 1944 : la voiture au gazo de mon père  ,Jean Perrin ,Vizille
Mémoire n°18,29 février 1632 : ordonnance de médecins lyonnais  ,Pierre Coing Boyat ,Lyon
Mémoire n°18,St Jean de Vaulx  ,Germaine Billon ,Saint Jean de Vaux
Mémoire n°18,Comment Lesdiguières punit cruellement Jacquet le Maraudeur ,Germaine Billon ,Vizille
Mémoire n°18,Les distractions vers les années 30  ,Aline Pignat ,Notre Dame de Mésage
Mémoire n°18,"Vizille, camp des veilles ou pays des eaux  ",André Frances ,Vizille
Mémoire n°18,16 juillt 1911 : Remédo pire que le mâ  ,Raymond Joffre ,Vaulnaveys le bas
Mémoire n°18,III - Les visites pastorales du Cardinal Le Camus en Pays Vizillois ,Michel Vial ,Séchilienne
Mémoire n°18,III - Les visites pastorales du Cardinal Le Camus en Pays Vizillois ,Michel Vial ,Saint Barthélémy de Séchilienne
Mémoire n°18,III - Le fort de Montavie : un projt de reconversion  ,Michaël Galle ,Brié et Angonnes
Mémoire n°18,Mémoire d'une communauté : visages de Jarrie  ,Robert Aillaud ,Jarrie
Mémoire n°18,Mémoire d'une communauté : visages de Jarrie  ,Robert Aillaud ,Vizille
Mémoire n°19,Il était une fois Jarrie : nos pélerinages  ,Jeanette Cheveu D'or ,Jarrie
Mémoire n°19,La famille de Saint-Léger fête 1000 ans d'histoire  ,Bernard De Saint-Léger ,Jarrie
Mémoire n°19,Sur les traces d'André Charvet : citoyen vizillois  ,Robert Aillaud ,Vizille
Mémoire n°19,"Belledonne ou ""qui sait le mot sait les choses"" (Platon dans ""Le Cratyle"")  ",Raymond Joffre ,Belledonne
Mémoire n°19,Contrat de mariage  ,Yves Marcel ,Séchilienne
Mémoire n°19,La chapelle baroque des Angonnes  ,Pierre Melquiond ,Brié et Angonnes
Mémoire n°19,Déjà la circulation en 1924 : le tramway à Brié  ,Pierre Melquiond ,Brié et Angonnes
Mémoire n°19,IV - Le fort de Montavie : un projet de reconversion (fin)  ,Michaël Galle ,Brié et Angonnes
Mémoire n°19,IV - Les visites pastorales du Cardinal Le Camus en pays Vizillois : Notre-Dame de Jarrie  ,Michel Vial ,Champ sur Drac
Mémoire n°19,IV - Les visites pastorales du Cardinal Le Camus en pays Vizillois : Notre-Dame de Jarrie  ,Michel Vial ,Jarrie
Mémoire n°19,Les aventures de Basile Bonnardon : médecin à Vizille au XIXe siècle  ,Robert Aillaud ,Vizille
Mémoire n°20,Une affaire entre Casimir Périer et Claude Rouget de Lisle  ,Gérard Mingat ,Vizille
Mémoire n°20,1843 : Histoire d'eau - 1852 : Histoire de débit de boisson  ,Bernard Mingone ,Séchilienne
Mémoire n°20,Les fièvres intermittentes à Vaulnaveys au cours du XVIIIe siècle  ,Gérard Mingat ,Vaulnaveys le haut
Mémoire n°20,Mon ami le père Paradis : le dernier des tueurs d'ours  ,Roger Morard ,Claix
Mémoire n°20,Le premier gardien de refuge : le père Tasse  ,Raymond Joffre ,Chamrousse
Mémoire n°20,Le bas-relief du château de Vizille  ,Gérard Mingat ,Vizille
Mémoire n°20,Un faire-part de décès original  ,Gérard Mingat ,Vizille
Mémoire n°20,V - Les visites pastorales du Cardinal Le Camus en Pays Vizillois : prieuré de Vaulnaveys ,Michel Vial ,Vaulnaveys
Mémoire n°20,Enigme à Champanier Printemps 44  ,Philippe Vatin-Perignon ,Champagnier
Mémoire n°20,L'élection de St Pierre de Mésage : février 1790  ,Denis Chambaz ,Saint Pierre de Mésage
Mémoire n°21,Les mémoires du docteur Bonnardon  ,Robert Aillaud ,Séchilienne
Mémoire n°21,Des nouvelles de nos chateaux  ,Robert Aillaud ,Pays vizillois
Mémoire n°21,Le pont de Vizille et son péage  ,Bernard François ,Vizille
Mémoire n°21,La carte postale témoin de l'histoire  ,Gérard Mingat ,Vizille
Mémoire n°21,Le centre de documentation du domaine départemental  ,Robert Aillaud ,Vizille
Mémoire n°21,L'ours de la Poyat  ,René Faure ,Fontaine
Mémoire n°21,"Trois vizilloises dans la vie ""chamboulée"" des normaliennes  ",Aline Pignat ,Grenoble
Mémoire n°21,VI - Les visites pastorales du cardinal Le Camus : pays d'Uriage  ,Michel Vial ,Uriage
Mémoire n°21,Lieudit et bail à ferme à Jarrie en 1653  ,Pierre Coing Boyat ,Jarrie
Mémoire n°22,Votre grand-père fait-il partie de cette brochette de cycliste ?  ,Robert Aillaud ,Vizille
Mémoire n°22,La wehrmacht à Vizille du 10 au 21 aout 1944  ,Jean Perrin ,Vizille
Mémoire n°22,Raconte grand-père... Souvenirs d'école  ,Jean Perrin ,Vizille
Mémoire n°22,La mairie école des Chaberts  ,Pierre Coing Boyat ,Jarrie
Mémoire n°22,Une maison disparue au passé revenu  ,Renée Gachet Berthon ,Vizille
Mémoire n°22,Trois siècles de mémoire  ,Pierre Melquiond ,Brié et Angonnes
Mémoire n°22,Les présidents de la République vus par un enfant  ,Paul Wohlschlegel ,Vizille
Mémoire n°22,Un blason pour la commune de Brié et Angonnes  ,Patrice Dore ,Brié et Angonnes
Mémoire n°22,Un diplôme d'honneur pour Brié et Angonnes  ,Jean-Claude Ogier ,Brié et Angonnes
Mémoire n°22,Laffrey  ,Germaine Billon ,Laffrey
Mémoire n°22,I - Les moulins de Jarrie à travers l'histoire  ,Pierre Coing Boyat ,Jarrie
Mémoire n°22,I - L'annuaire d'un curé de campagne aux Angonnes  ,Pierre Melquiond ,Brié et Angonnes
Mémoire n°22,A propos d'un sauvetage  ,Adrienne Celso ,Jarrie
Mémoire n°22,La mort du maire de Vizille  ,Adrienne Celso ,Vizille
Mémoire n°23,II - Les moulins de Jarrie à travers l'histoire  ,Pierre Coing Boyat ,Jarrie
Mémoire n°23,Le renard et la cigogne  ,Albert Ravanat ,Pays vizillois
Mémoire n°23,Les sites du canton vous ouvrent leurs portes  ,Pierre Coing Boyat ,Pays vizillois
Mémoire n°23,La dolomite de St Pierre de Mésage  ,"Robert Aillaud ,  José Duarte ",Saint Pierre de Mésage
Mémoire n°23,VII - Les visites pastorales du cardinal Le Camus : la Matheysine (fin) ,Michel Vial ,Matheysine
Mémoire n°23,Le domaine Rabit à Herbeys  ,Marguerite Vianney-Liaud ,Herbeys
Mémoire n°23,Mondanité à Grenoble et Vizille - 1950  ,Gérard Mingat ,Vizille
Mémoire n°23,Histoire d'ours dans la montagne de Séchilienne  ,Bernard Mingone ,Séchilienne
Mémoire n°24,Nouvelles histoires d'ours  ,Bernard Mingone ,Séchilienne
Mémoire n°24,L'église de Brié  ,Henri Rey ,Brié et Angonnes
Mémoire n°24,Un mésageois à la découverte du monde  ,Germaine Billon ,Saint Pierre de Mésage
Mémoire n°24,Les bassins de Notre-Dame de Mésage  ,Aline Pignat ,Notre Dame de Mésage
Mémoire n°24,Dendrochronologie  ,Pierre Coing Boyat ,Pays vizillois
Mémoire n°24,St Sauveur souvenir de guerre  ,Roger Finet ,Notre Dame de Mésage
Mémoire n°24,Les premiers guides dauphinois sont de Belledonne  ,Raymond Joffre ,Pays vizillois
Mémoire n°24,III - Les moulins de Jarrie à travers l'histoire  ,Pierre Coing Boyat ,Jarrie
Mémoire n°25,"Les suites du spectacle""A la claire fontaine""  ",Robert Aillaud ,Pays vizillois
Mémoire n°25,IV - Les moulins de Jarrie à travers l'histoire  ,Pierre Coing Boyat ,Pays vizillois
Mémoire n°25,"""La Marianne"" : le monument commémoratif de l'assemble de Vizille  ",Robert Chagny ,Vizille
Mémoire n°25,II - L'annuaire d'un curé de campagne aux Angonnes  ,Pierre Melquiond ,Brié et Angonnes
Mémoire n°25,Montjean sur Vizille  ,Bernard Mingone ,Vizille
Mémoire n°26,Herbeys dans l'histoire - La complainte du kiosque  ,Le Kiosque ,Herbeys
Mémoire n°26,Les problèmes de la route des Hautes-Alpes  ,Pierre Coing Boyat ,Jarrie
Mémoire n°26,Histoire de cloche... à Vizille  ,Michel Vial ,Vizille
Mémoire n°26,Les mémoires de Basile Bonnardon  ,Robert Aillaud ,Pays vizillois
Mémoire n°26,Le temps des échafaudages  ,Robert Aillaud ,Pays vizillois
Mémoire n°26,V - Les moulins de Jarrie à travers l'histoire  ,Pierre Coing Boyat ,Pays vizillois
Mémoire n°26,A Brié... Des fontaines républicaines et radicales socialistes ,Pierre Melquiond ,Brié
Mémoire n°26,Autour de la légende du mmur du château de Vizille  ,Jean Guitton ,Vizille
Mémoire n°26,Un hôte de marque à Vizille : Jean Jaurès  ,"Gérard Mingat ,  Pierre Coing Boyat ",Vizille
Mémoire n°27,Assemblé générale des Amis de l'Histoire  ,Gaby Vair ,Montchaboud
Mémoire n°27,Contribution à l'histoire de la Libération de Vizille. Le 22 aout 1944  ,Jean Perrin ,Vizille
Mémoire n°27,Les 4 saisons de Léonce et Renée  ,Magali Roux ,Jarrie
Mémoire n°27,VI - Les moulins de Jarrie à travers l'histoire  ,Pierre Coing Boyat ,Jarrie
Mémoire n°27,Le patronnage Champ - Jarrie  ,Jeanette Cheveu D'or ,Champ sur Drac
Mémoire n°27,Le patronnage Champ - Jarrie  ,Jeanette Cheveu D'or ,Jarrie
Mémoire n°27,Fontaines et bassins de Vaulnaveys-le-Haut  ,"Jean Guitton ,  Renée Guitton ",Vaulnaveys le haut
Mémoire n°27,Le bureau de poste de Brié et Angonnes  ,Pierre Melquiond ,Brié et Angonnes
Mémoire n°27,Le service postal à Herbeys  ,Marie-Thérèse Emery ,Herbeys
Mémoire n°27,Mon premier poste d'institutrice  ,Aline Pignat ,Séchilienne
Mémoire n°28,Le saut du moine  ,"Michel Vial ,  Henri Jobert ",Jarrie
Mémoire n°28,La fonderie de la mine d'argent de Brandes en Oisans  ,Bernard François ,Brandes en Oisans
Mémoire n°28,Connaissance et actions du patrimoine  ,Patrice Dore ,Brié et Angonnes
Mémoire n°28,Le triste sort de Pierre Guymet-Node de Montchaffrey qui avait un peu trop fêté la St-Barthélémy 1805  ,"Gérard Mingat ,  Bernard Mingone ",Livet et Gavet
Mémoire n°28,Le triste sort de Pierre Guymet-Node de Montchaffrey qui avait un peu trop fêté la St-Barthélémy 1805  ,"Gérard Mingat ,  Bernard Mingone ",Montchaffrey
Mémoire n°28,Recherches sur la première église de Vizille  ,Jean-Claude Michel ,Vizille
Mémoire n°28,VII - Les moulins de Jarrie à travers l'histoire  ,Pierre Coing Boyat ,Jarrie
Mémoire n°28,L'hydroscope de Montjean  ,"Jean Guitton ,  Renée Guitton ",Montjean
Mémoire n°28,Commune de Livet et Gavet - Aout 1944  ,Alain Romestant ,Livet et Gavet
Mémoire n°28,Brié et Angonnes - La commune parraine le village martyr ardennais d'Etrepigny (1920) ,Pierre Melquiond ,Brié et Angonnes
Mémoire n°29,Souvenirs personnels de la libération de Vizille  ,Jean Guitton ,Vizille
Mémoire n°29,L'église de Séchilienne  ,Michel Vial ,Séchilienne
Mémoire n°29,Jarrie et ses montagnes  ,Jeanette Cheveu D'or ,Jarrie
Mémoire n°29,Ceux du magnésium  ,René Villiot ,Jarrie
Mémoire n°29,La Pauline  ,Denise - ,Vizille
Mémoire n°29,"Le chateau de paille : les habitants passent, le cadre reste  ",Peter Fletcher ,Vizille
Mémoire n°29,Lucis Baud (1870 - 1913)  ,Gérard Mingat ,Vizille
Mémoire n°30,Une journée festive et conviviale - 100 ans d'école à Vizille  ,- ,Vizille
Mémoire n°30,Un cas de rage à Vizille  ,Pascale Beyls ,Vizille
Mémoire n°30,Notre-Dame des Autels à Champ-sur-Drac  ,Michel Vial ,Champ sur Drac
Mémoire n°30,Le tourisme en Oisans  ,Raymond Joffre ,L'Oisans
Mémoire n°30,Visite du château de Vizille en 1628  ,Robert Aillaud ,Vizille
Mémoire n°30,Vizille et ses commerces - 1ère partie de la rue Général De Gaulle  ,- ,Vizille
Mémoire n°30,Quatre ans de retard pour la classe  ,- ,Vizille
Mémoire n°30,L'antiquité du plateau de Champagnier  ,Pierre Melquiond ,Champagnier
Mémoire n°31,Une famille au Bessey d'Oz au siècle dernier  ,Michelle Tournoud ,Bessey d'Oz
Mémoire n°31,"1790 : Dominique Bonnet, curé de St Pierre de Mésage, prête serment à la Constitution Civile du Clergé  ","Denis Chambaz ,  Pierre Coing Boyat ",Saint Pierre de Mésage
Mémoire n°31,Vizille et ses commerces : la place Stalingrad  ,Jeannette Della-Vedova ,Vizille
Mémoire n°31,100 ans d'école à Vizille - Encore des témoignages  ,Ecole Paul Langevin ,Vizille
Mémoire n°31,La Fayette à Vizille  ,Germaine Billon ,Vizille
Mémoire n°31,Un café peu ordinaire  ,Paul Wohlschlegel ,Rioupéroux
Mémoire n°31,Souvenirs au fil du temps : les usines de l'Alliance et du Tissage  ,Magali Roux ,Vizille
Mémoire n°31,"Commune de Livet et Gavet, aout 1944  ",Alain Romestant ,Livet et Gavet
Mémoire n°31,Un accident du train de la société des VFD  ,Gérard Mingat ,La Paute
Mémoire n°31,Un accident du train de la société des VFD  ,Gérard Mingat ,Bourg d'Oisans
Mémoire n°32,Femmes  ,- ,Herbeys
Mémoire n°32,Le tragique éboulement du 1er avril 1827 à Séchilienne  ,Bernard Mingone ,Séchilienne
Mémoire n°32,Etrange détour dans la destinée d'un pionnier de l'Alpe d'Huez  ,Roger Canac ,L'Alpe d'Huez
Mémoire n°32,Des nouvelles de 1903  ,Jean Perrier ,Grenoble
Mémoire n°32,Industries minières et métallurgiques tombées dans l'oubli à Vaulnaveys-le-Bas et à Uriage ,"B ? Bronner ,  Claude Bronner ",Uriage
Mémoire n°32,Industries minières et métallurgiques tombées dans l'oubli à Vaulnaveys-le-Bas et à Uriage ,"B ? Bronner ,  Claude Bronner ",Vaulnaveys le bas
Mémoire n°32,"L'électrification de Grenoble, un enjeu disputé  ",Alain Romestant ,Grenoble
Mémoire n°32,Vizille et ses commerces : un quartier dans la ville  ,Jeannette Della-Vedova ,Vizille
Mémoire n°32,A lire... ou à danser  ,- ,Pays vizillois
Mémoire n°32,100 ans d'école à Vizille - Encore des témoignages  ,Danielle Amar ,Vizille
Mémoire n°32,"Personnages et demeures de Jarrie, Bon Repos et la Valentine au temps des Vaucanson et Benoit Duperier  ",Pierre Coing Boyat ,Jarrie
Mémoire n°32,Ils auraient 100 ans cette année - classe 1927 de Vizille  ,Gérard Mingat ,Vizille
Mémoire n°33,Structure et histoire géologique du plateau de champagnier  ,Robert Aillaud ,Champagnier
Mémoire n°33,Géologie et contruction  ,Robert Aillaud ,Champagnier
Mémoire n°33,Des passionnés d'aviation  ,Alain Romestant ,Vizille
Mémoire n°33,Vizille et ses commerces : dernière partie de la rue Général de Gaulle  ,Jeannette Della-Vedova ,Vizille
Mémoire n°33,Année 1815 : le retour de Napoléon et son passage à Vizille  ,Gilbert Gacon ,Vizille
Mémoire n°33,Les aventures du capitaine Randon en marge du passage de Napoléon à Vizille ,Robert Aillaud ,Vizille
Mémoire n°33,Un vizillois Huguenot émigré en Prusse au XVIIe siècle  ,Gérard Mingat ,Vizille
Mémoire n°33,A propos du chevalier Bayard et du chateau d'Uriage  ,Geneviève Dumolard ,Uriage
Mémoire n°34,"Vizille : foires, marchés, quinzaines commerciales, braderies  ",Jeannette Della-Vedova ,Vizille
Mémoire n°34,Du chateau médiéval au palais du Connétable  ,Céline Laforest ,Vizille
Mémoire n°34,Le chateau de Vizille avant la Révolution Française  ,Céline Laforest ,Vizille
Mémoire n°34,Fresque de la façade de l'école Jean Jaurès  ,Yvette Bonnaire ,Vizille
Mémoire n°34,Quand la restauration d'objets du patrimoins provoque une cérémonie officielle de l'église catholique ,Patrice Dore ,Vizille
Mémoire n°34,La mine de zinc de Laffrey : une ruineuse chimère  ,Claude Bronner ,Laffrey
Mémoire n°34,L'incendie du village de Montchaffrey  ,Bernard Mingone ,Montchaffrey
Mémoire n°34,"Olivier Messiaen, l'un des plus grands musiciens du XXe siècle à Petichet  ",Pierre Coing Boyat ,Petichet
Mémoire n°34,1816 : le coup d'état manqué de Jean-Paul Didier  ,Gilbert Gacon ,Pays vizillois
Mémoire n°34,"Un peu de toponymie : chanse, chansure...  ",André Frances ,Pays vizillois
Mémoire n°34,Un triste mois de janvier à Brié : le meurtre du café restaurant Vigier  ,Pierre Melquiond ,Brié
Mémoire n°34,Les anciennes familles de Brié et Angonnes : la famille Ogier  ,Pierre Melquiond ,Brié et Angonnes
Mémoire n°35,"La ferme ""présidentielle"" du chateau de Vizille  ",Danielle Amar ,Vizille
Mémoire n°35,Promenade découverte à partir du saut du moine  ,Alain Romestant ,Champagnier
Mémoire n°35,Nos hommes de la révolutions  ,Pierre Melquiond ,Pays vizillois
Mémoire n°35,"Vizille et ses commerces - Les rues : Casimir. Périer, de la République, Sadi Carnot  ",Jeannette Della-Vedova ,Vizille
Mémoire n°35,I - Le parc du chateau du roi  ,Denis Bellon ,Vizille
Mémoire n°35,Le chateau des Simianes à Haute-Jarrie  ,Pierre Coing Boyat ,Jarrie
Mémoire n°35,"Souvenirs de Georges Vivier : un ""personnage"", une ""figure"" humaniste  ",Pierre Coing Boyat ,Jarrie
Mémoire n°36,Fermage à Chachatier en 1730  ,Bernard Mingone ,Vaulnaveys le bas
Mémoire n°36,Un courroux... magistral  ,Paul Kiener ,Vizille
Mémoire n°36,La méridienne du bar de la Paix  ,Denis Bellon ,Vizille
Mémoire n°36,Hercule de retour à Vizille  ,Robert Aillaud ,Vizille
Mémoire n°36,"Vizille, les maisons de l'abbé Pierre  ",Jeannette Della-Vedova ,Vizille
Mémoire n°36,Accident miraculeux à Huez  ,Michèle Bruyat ,L'Alpe d'Huez
Mémoire n°36,Barrage de l'Etroit... de l'eau qui a fait couler beaucoup d'encre!  ,Alain Romestant ,Pays vizillois
Mémoire n°36,"A Brié, elles aussi ont une histoire  ",Pierre Melquiond ,Brié
Mémoire n°36,Brié et ses environs en 1922 : promenade d'automne autour des 4 seigneurs  ,Pierre Melquiond ,Eybens
Mémoire n°36,Curiosités de nos archives communales - Jarrie  ,Pierre Coing Boyat ,Jarrie
Mémoire n°36,Eté 2009 - Patrimoine en fête  ,- ,Pays vizillois
Mémoire n°36,La desserte ferroviaire de la vallée de la Romanche  ,Jean-Louis Rochaix ,L'Oisans
Mémoire n°37,Le patrimoine vizillois  ,Robert Aillaud ,Pays vizillois
Mémoire n°37,Le patrimoine vizillois  ,Robert Aillaud ,Vizille
Mémoire n°37,Brié et ses environs en 1922 : promenade d'automne autour des 4 Seigneurs ,J. Vaujany ,Herbeys
Mémoire n°37,Canal de navigation ou chemin de fer entre Grenoble et Vizille - Rêves et réalité  ,Alain Romestant ,Vizille
Mémoire n°37,Vizille et ses commerces : La rue Aristide Briand (rue d'Italie)  ,Jeannette Della-Vedova ,Vizille
Mémoire n°37,II - Le parc du vieux château du roi  ,Denis Bellon ,Vizille
Mémoire n°37,Souvenirs d'enfance de Gavet au Poursollet  ,Annie Achard ,Livet et Gavet
Mémoire n°37,Centenaire des sapeurs-pompiers de Brié et Angonnes : 1909-2009  ,Paul Wohlschlegel ,Brié
Mémoire n°37,L'auto-école il y a 40 ans  ,Robert Guillaud ,Vizille
Mémoire n°37,La prise du château de Champ par Lesdiguières le 1er avril 1587  ,Robert Aillaud ,Champ sur Drac
Mémoire n°37,Une très jeune dame de 100 ans  ,Renée Gachet Berthon ,Vizille
Mémoire n°37,Le petit musée de la coiffure  ,Jeannette Della-Vedova ,Vizille
Mémoire n°37,Curiosités de nos archives communales - Les curés racontent l'histoire ,Pierre Coing Boyat ,Haute-Jarrie
Mémoire n°38,Adrienne  ,Robert Aillaud ,Jarrie
Mémoire n°38,La pierre plate à Rioupéroux  ,Annie Achard ,Rioupéroux
Mémoire n°38,Vizille et ses comerces : la boucherie Cret - 1908 à 1979 -1ère partie de la rue Jean Jaurès ,Jeannette Della-Vedova ,Vizille
Mémoire n°38,Vizille et ses commerces : La rue Aristide Briand (rue d'Italie) - 2ème partie  ,Jeannette Della-Vedova ,Vizille
Mémoire n°38,Brié et ses environs en 1922 : promenade d'automne autour des 4 Seigneurs  ,J. Vaujany ,Villeneuve d'Uriage
Mémoire n°38,Ou l'on retrouve les Hache ?  ,Pierre Melquiond ,Brié
Mémoire n°38,Une ténébreuse affaire : la conspiration Didier  ,Alain Romestant ,Pays vizillois
Mémoire n°38,L'histoire dans les archives - Le fonds Jouvin - Carnet du Sieur Corréard  ,Pierre Coing Boyat ,Jarrie
Mémoire n°38,L'alambic de la Gaffe  ,Renée Rodolphe Vigroux ,Vizille
Mémoire n°38,Le chateau de paille dans les années 50  ,Michèle Ferrafiat Delahaye ,Vizille
Mémoire n°38,Histoires d'eaux au château de Paille  ,Denis Bellon ,Vizille
Mémoire n°38,Ozias Féronce : un grand astronome vizillois méconnu  ,Robert Aillaud ,Vizille
Mémoire n°38,Attention... aux excès de vitesse !  ,Bernard Mingone ,Séchilienne
Mémoire n°39,Hommage à Pierre Melquiond  ,Robert Aillaud ,Brié et Angonnes
Mémoire n°39,Histoire de la Poste (1e partie) à Vizille  ,Paul Fournier ,Vizille
Mémoire n°39,Sur la route de Montchaffrey  ,Jeannette Della-Vedova ,Montchaffrey
Mémoire n°39,Le secret d'Hercule - Conte de Noël  ,Jeannette Della-Vedova ,Vizille
Mémoire n°39,Un ouvrage sur le château de Bon Repos  ,- ,Jarrie
Mémoire n°39,L'histoire dans les archives (suite)  ,Pierre Coing Boyat ,Jarrie
Mémoire n°39,L'authenticité éxigée par l'histoire  ,Pierre Melquiond ,Brié et Angonnes
Mémoire n°39,Emile Rivet  ,Germaine Billon ,Saint Pierre de Mésage
Mémoire n°39,Les cavalcades à Vizille (1e partie)  ,Danielle Amar ,Vizille
Mémoire n°39,"1310 - 2010, déjà 700 ans! Les libertés communales de Vizille  ",Denis Bellon ,Vizille
Mémoire n°39,Les chroniques oubliées : le contrat de mariage  ,Claude Ferradou ,Saint Pierre de Mésage
Mémoire n°39,Appel à recettes  ,Denis Bellon ,Pays vizillois
Mémoire n°41,Témoignage de Micheline Hauss  ,Micheline Hauss ,Vizille
Mémoire n°41,Tous à vos souvenirs ! Qui peut compléter cette grille ?  ,- ,Pays vizillois
Mémoire n°41,Les hommes de la conspiration Didier  ,Alain Romestant ,Pays vizillois
Mémoire n°41,Histoire de la Poste (2e partie)  ,Paul Fournier ,Vizille
Mémoire n°41,Les cavalcades à Vizille (2e partie)  ,Danielle Amar ,Vizille
Mémoire n°41,Les chroniques oubliées : le contrat de mariage  ,Claude Ferradou ,Saint Pierre de Mésage
Mémoire n°41,Historique de la maison Chamoux  ,? Chamoux ,Vizille
Mémoire n°41,Vizille et ses commerces : la rue Jean Jaurès (suite)  ,Jeannette Della-Vedova ,Vizille
Mémoire n°41,La tradition de Guignol à Uriage  ,Charles Paillet ,Uriage
Mémoire n°41,Notre-Dame-de-Jarrie  ,Pierre Coing Boyat ,Jarrie
Mémoire n°41,Berthe Vial  ,Yves Vial ,Vizille
Mémoire n°41,"Le fils d'Ozias Féronce, l'astronome vizillois  ",Robert Aillaud ,Vizille
Mémoire n°42,Le cimetière de Vizille  ,Daniel Blanc-Gonnet ,Vizille
Mémoire n°42,Le monument aux morts de Vizille  ,Denis Bellon ,Vizille
Mémoire n°42,"Les Jeux Olympiques modernes, une invention Grenobloise  ","Gérard Mingat ,  Alain Romestant ",Grenoble
Mémoire n°42,Repas de fête  ,Paul Wohlschlegel ,Vizille
Mémoire n°42,Notre-Dame-de-Jarrie (2e partie)  ,Pierre Coing Boyat ,Jarrie
Mémoire n°42,Le Lac Mort de Laffrey à Saint-Barthélémy-de-Séchilienne  ,Alain Romestant ,Séchilienne
Mémoire n°42,Mon premier travail...  ,Marie Del Net ,Vizille
Mémoire n°42,Curiosité  ,Paul Fournier ,Vizille
Mémoire n°42,Histoire de la Poste à Vizille (3e partie)  ,Paul Fournier ,Vizille
Mémoire n°42,Cavalcades organisées par le Comité du sou des écoles (3e partie)  ,Danielle Amar ,Vizille
Mémoire n°42,Mon enfance à Livet - Jeanne Fagno née Bergonzoli  ,Jeannette Della-Vedova ,Livet et Gavet
Mémoire n°42,La chapelle Notre-Dame-sous-la-Croix à Chamrousse  ,Charles Paillet ,Chamrousse
Mémoire n°42,Souvenirs d'enfance aux Peyrauds  ,Germaine Billon ,Saint Pierre de Mésage
Mémoire n°42,Parcours d'un Français libre  ,Gwénaëlle Leyssieux ,Vizille
Mémoire n°42,La vie de l'association  ,Denis Bellon ,Vizille
Mémoire n°43,Avis de recherche  ,- ,Vizille
Mémoire n°43,Les orgues historiques de Vizille  ,Denis Bellon ,Vizille
Mémoire n°43,La chapelle des Angonnes en 1867  ,Patrice Dore ,Vizille
Mémoire n°43,Histoire de la Reine de Mai ou le conte de l'Aspérule  ,Claude Ferradou ,Pays vizillois
Mémoire n°43,Les fêtes de Jarrie en 1867  ,Pierre Coing Boyat ,Jarrie
Mémoire n°43,"L'incroyable vie de Charles d'Albigny, seigneur de Séchilienne  ",Robert Aillaud ,Séchilienne
Mémoire n°43,L'oeuvre de Charles Albert Keller dans l'électrométallurgie et la production d'énergie électrique  ,Alain Romestant ,Livet et Gavet
Mémoire n°43,Nomination d'un garde champêtre à Vizille  ,Paul Fournier ,Vizille
Mémoire n°43,Les champignons  ,Jeannette Della-Vedova ,Vizille
Mémoire n°43,La société mycologique de Vizille  ,"Jeannette Della-Vedova ,  Jacques Boffo ",Vizille
Mémoire n°43,La tombe de la famille Du Terrail-Couvat dans l'ancien cimetière de Vizille  ,Daniel Blanc-Gonnet ,Vizille
Mémoire n°43,Les productions des Amis de l'Histoire du Pays Vizillois  ,- ,Pays vizillois
Mémoire n°43,Nos publications hors-séries  ,- ,Pays vizillois
Mémoire n°43,La vie de l'association  ,- ,Pays vizillois
Mémoire n°44,Michelle Perrot : sur les traces de Lucie Baud  ,Michèle Perrot ,Vizille
Mémoire n°44,Témoignage de Lucie Baud  ,Lucie Baud ,Vizille
Mémoire n°44,L'histoire de l'Alliance Textile  ,Denis Bellon ,Vizille
Mémoire n°44,Un carré de soie représentant le château de Vizille  ,Raymond Platel ,Vizille
Mémoire n°44,Une autre vision peu flatteuse de Vizille en 1882  ,Paul Fournier ,Vizille
Mémoire n°44,Une résistante vizilloise à l'honneur  ,Renée Gachet Berthon ,Vizille
Mémoire n°44,Adolphe Grimaldi  ,Gérard Mingat ,Vizille
Mémoire n°44,Parcs et jardins de Brié et Angonnes  ,Patrice Dore ,Brié et Angonnes
Mémoire n°44,"Champ-sur-Drac et son musée d'histoire locale ""Autrefois""  ",Gilbert Gacon ,Champ sur Drac
Mémoire n°44,Le moulin de Tavernolles  ,Paul Wohlschlegel ,Tavernolles
Mémoire n°44,La maison Allard au Louvaroux  ,Pierre Coing Boyat ,Jarrie
Mémoire n°44,Napoléon 1er à Tavernolles  ,Louis Sarte ,Tavernolles
Mémoire n°44,Reculement de la Grande Rue à Vizille en 1893  ,"Renée Gachet Berthon ,  Gérard Berthon ",Vizille
Mémoire n°44,Les gypsoducs de Champ au XVIIIe siècle  ,Robert Aillaud ,Champ sur Drac
Mémoire n°44,Le symbolisme dans le cimetière de Vizille  ,Daniel Blanc-Gonnet ,Vizille
Mémoire n°44,La vie de l'association  ,- ,Vizille
Mémoire n°45,Vous avez dit patrimoine ?  ,Denis Bellon ,Pays vizillois
Mémoire n°45,Bain de jouvence pour le château de Vizille  ,Paul Wohlschlegel ,Vizille
Mémoire n°45,"Lesdiguières, le renard des montagnes  ",Denis Bellon ,Vizille
Mémoire n°45,"Claudine de Bérenger et François de Bonne, duc de Lesdiguières ",Andrée Barras-Tixier ,Sassenage
Mémoire n°45,L'évêque de Grenoble se suicide dans son château d'Herbeys  ,Gilbert Gacon ,Herbeys
Mémoire n°45,Vous avez dit : lieux-dits ? Une histoire de toponymes  ,Paul Bernard ,Haute-Jarrie
Mémoire n°45,Le balancier et le bon Saint-Eloi  ,Patrice Dore ,Brié et Angonnes
Mémoire n°45,Les archives anciennes de Brié et Angonnes  ,Patrice Dore ,Brié et Angonnes
Mémoire n°45,Souvenir... souvenir... Les Jeux Olympiques de Grenoble en 1968 ,Henri Girardy ,Grenoble
Mémoire n°45,Une tentative d'incendie à Vizille  ,Pascale Beyls ,Vizille
Mémoire n°45,"L'association des ""Amis de l'orgue de Vizille"" est née  ",Denis Bellon ,Vizille
Mémoire n°45,Le refuge de la société des Touristes du Dauphiné à La Morte  ,Daniel Etienne ,La Morte
Mémoire n°45,Vizille et ses commerces : la rue Jean Jaurès (3ème et dernière partie) ,Jeannette Della-Vedova ,Vizille
Mémoire n°45,"Vizille, ville d'eau  ",Gérard Berthon ,Vizille
Mémoire n°45,La généalogie de Lucie Baud  ,Daniel Etienne ,Notre Dame de Mésage
Mémoire n°45,La généalogie de Lucie Baud  ,Daniel Etienne ,Saint Pierre de Mésage
Mémoire n°45,La maison d'Hugues-Allerme au Louvaroux  ,Pierre Coing Boyat ,Jarrie
Mémoire n°45,Le cimetière de Vizille  ,Pierre Raymond Bonnardon ,Vizille
Mémoire n°45,Le symbolisme dans le cimetière de Vizille (suite)  ,Daniel Blanc-Gonnet ,Vizille
Mémoire n°45,La vie de l'association  ,Collectif - les Amis de l'Histoire ,Pays vizillois
Mémoire n°46,Editorial  ,Denis Bellon ,Pays vizillois
Mémoire n°46,Jean Métral raconte  ,Jean Metral ,Vizille
Mémoire n°46,Les Etats Généraux de la Résistance à Vizille  ,Denis Bellon ,Vizille
Mémoire n°46,Circonstances du sauvetage et recherches  ,Jacqueline Szister-Bismuth ,Vizille
Mémoire n°46,La République des enfants de Moulin Vieux (1)  ,Denis Bellon ,La Morte
Mémoire n°46,Le stade René Perrouault à Champ-sur-Drac  ,Jacques Nivon ,Champ sur Drac
Mémoire n°46,Le sous-lieutenant Joseph Auguste Floxoli  ,Alain Floxoli ,Vizille
Mémoire n°46,Quelques heures avant la Libération  ,Cécile Riviere ,Vizille
Mémoire n°46,Une triste fin  ,Paul Wohlschlegel ,Rioupéroux
Mémoire n°46,Ils venaient d'avoir 18 ans... Les conscrits  ,Jeannette Della-Vedova ,Vizille
Mémoire n°46,Aout 1944 - Une période tragique à La Morte et dans le Taillefer  ,Daniel Etienne ,La Morte
Mémoire n°46,Chantiers de jeunesse n°12  ,Raymond Devey ,Belledonne
Mémoire n°47,"Albert Lebrun, le dernier Président de la IIIe République  ",Eric Freysselinard ,Vizille
Mémoire n°47,A travers la presse régionale et nationale  ,Collectif - les Amis de l'Histoire ,Vizille
Mémoire n°47,L'orgue de Vizille  ,Denis Bellon ,Vizille
Mémoire n°47,"Aimé Guille, portrait d'un résistant  ","Gilbert Gacon ,  Denis Bellon ",Vizille
Mémoire n°47,Yvonne Bonthoux et Jean-Marcel Champon  ,Dominique Rossi ,Vizille
Mémoire n°47,Ma rencontre avec Pierre Draï  ,Jeannette Della-Vedova ,Vizille
Mémoire n°47,Moulin-Vieux ou les enfants de la République  ,Pierre Draï ,La Morte
Mémoire n°47,Le château de Vizille efface les traces de ses blessures  ,- ,Vizille
Mémoire n°47,Groupes-francs contre les Forces de l'Ordre dans l'Isère  ,- ,Vizille
Mémoire n°47,"André Morel, mon voisin de palier  ",Alain Romestant ,Grenoble
Mémoire n°47,Morts pour la France dans le Pays Vizillois  ,Renée Vigroux ,Pays vizillois
Mémoire n°47,La grande guerre de 1914-1918 - Vizille et ses soldats décédés en 1914  ,Daniel Blanc-Gonnet ,Vizille
Mémoire n°47,La guerre 14/18 et l'utilisation des gaz de combat  ,Gilbert Gacon ,Claix
Mémoire n°47,La guerre 14/18 et l'utilisation des gaz de combat  ,Gilbert Gacon ,Jarrie
Mémoire n°47,Les belles années des corsos à Vizille - 1971/1997  ,Jeannette Della-Vedova ,Vizille
Mémoire n°47,La chasse aux bornes est ouverte...  ,Robert Aillaud ,Isère
Mémoire n°48,La statue de Napoléon 1er à Laffrey  ,Jeannette Della-Vedova ,Laffrey
Mémoire n°48,"Les mémoires de Basile Bonnardon, médecin à Vizille 1786-1863  ",Basile Bonnardon ,Pays vizillois
Mémoire n°48,Alexandre Debelle  ,Denis Bellon ,Grenoble
Mémoire n°48,"Alexandre Zeis, instituteur et géomètre  ",Gérard Mingat ,Vaulnaveys
Mémoire n°48,Le colonel Moustache de St-Barthélémy de Séchilienne  ,Gilles Strappazzon ,Saint Barthélémy de Séchilienne
Mémoire n°48,Vizille a toujours été fidèle à l'Empereur et à sa descendance  ,Paul Fournier ,Vizille
Mémoire n°48,La grande guerre de 1914-1918 - Vizille et ses soldats décédés entre le 1er janvier et le 30 juin 1915  ,"Daniel Blanc-Gonnet ,  Marie-Claude Argoud ",Vizille
Mémoire n°48,Uriage-les-Bains - Hôpital militaire complémentaire n°42 (1914-1919)  ,Charles Paillet ,Uriage
Mémoire n°48,Le mystère de Saint Firmin ou la légende de la cloche à la sauge  ,Claude Ferradou ,Notre Dame de Mésage
Mémoire n°48,Les belles années des corsos à Vizille - les années 80 (suite)  ,Jeannette Della-Vedova ,Vizille
Mémoire n°49,"Histoire d'un résistant un peu spécial : Jean Freysselinard , le gendre du président Albert Lebrun à Vizille  ",Eric Freysselinard ,Villeneuve d'Uriage
Mémoire n°49,la SAMA Société Anonyme des Meles artificielles  ,Denis Bellon ,Vizille
Mémoire n°49,Souvenirs au fil des saisons  ,Marie Del Net ,Vizille
Mémoire n°49,La Grande Guerre de 1914-1918 : Vizille et ses soldats décédés entre le 1er juillet et le 31 décembre 1915  ,"Daniel Blanc-Gonnet ,  Marie-Claude Argoud ",Vizille
Mémoire n°49,Les quatrièmes grand rendez-vous de l'histoire du Pays Vizillois : mai/juin 2016 ,Denis Bellon ,Vizille
Mémoire n°49,L'hôpital temporaire de La Valentine  ,Pierre Coing Boyat ,Jarrie
Mémoire n°49,Vizille et sa piscine  ,Danielle Amar ,Vizille
Mémoire n°49,Le centre d'apprentissage de Vizille  ,Pierre Draï ,Vizille
Mémoire n°49,Les eaux d'Uriage : des Thermes romains à l'entreprise industrielle : 2000 ans d'histoire  ,Charles Paillet ,Uriage
Mémoire n°49,Histoire courte des cordiers de Vizille  ,Patrice Dore ,Vizille
Mémoire n°49,ElirViallet capitaine de chasseurs alpins ; Août 1914- Juin 1915  ,Jacques Gasqui ,Saint Georges de Commiers
Mémoire n°49,Raoul Naz  ,Raoul Naz ,Vizille
Mémoire n°49,L'orgue de Vizille  ,Raoul Naz ,Vizille
Mémoire n°49,"1799, l'exode du Pape Pie VI et son passage à Vizille  ",Gilbert Gacon ,Isère
Mémoire n°49,"1799, l'exode du Pape Pie VI et son passage à Vizille  ",Gilbert Gacon ,Vizille
Mémoire n°49,Les belles années des corsos ; les années 1990  ,Jeannette Della-Vedova ,Vizille
Mémoire n°49,"Vizille et ses commerces: Désiré Trouillon, marchand de vin  ",Pierre Trouillon ,Vizille
Mémoire n°49,Jean Guitton 1917-2015  ,"Gérard Mingat ,  Marie Del Net ",Vaulnaveys le haut
Mémoire n°49,La page des poètes : Moi Connétable  ,Pierre Fiat ,Vizille
Mémoire n°49,Une des trois grandes usines de tissage de Vizille  ,- ,Vizille
Mémoire n°49,La page des jeux  ,Pierre Fiat ,Vizille
Mémoire n°50,Morts pour la France  ,Denis Bellon ,Vizille
Mémoire n°50,Compte rendu de la mobilisation à Vizille (1er août 1914)  ,Denis Bellon ,Vizille
Mémoire n°50,La grande guerre de 1914-1918 . Vizille et ses soldats décédés entre le 1er janvier et le 30 juin 1906  ,Marie-Claude Argoud ,Vizille
Mémoire n°50,François-Joseph Durand mort pour la France  ,Denis Bellon ,Vizille
Mémoire n°50,Gabriel Fiat Carnets de guerre - 1914-1918  ,Gabriel Fiat ,Séchilienne
Mémoire n°50,M. l'abbé Biard  ,Transcription ,Vizille
Mémoire n°50,Saint-Georges-de-Commiers . Morts pour la France pendant la grande guerre ,Jacques Gasqui ,Saint Georges de Commiers
Mémoire n°50,"Pour de vrais ""poilus""  ",Raoul Naz ,Verdun
Mémoire n°50,"L'histoire des Clavel, bourreliers à Vizille, place du château  ",Marie-Claude Argoud ,Vizille
Mémoire n°50,"Vizille et ses commerces ; Place de la Libération, Place du château 1ère partie ",Jeannette Della-Vedova ,Vizille
Mémoire n°50,Elles se souviennent et elles racontent  ,Yvette Bonnaire ,Vizille
Mémoire n°50,"Hier, le chemin de fer  ",Aliette Viard ,Jarrie
Mémoire n°50,"Hier, le chemin de fer  ",Aliette Viard ,Vizille
Mémoire n°50,"Hier, le chemin de fer  ",Aliette Viard ,L'Oisans
Mémoire n°50,Mon premier club sportif  ,Pierre Martin ,Vizille
Mémoire n°50,Théâtre d'antan La muette de Vizille  ,Pierre Fiat ,Lyon
Mémoire n°51,Heureux 25 ans  ,Denis Bellon ,Pays vizillois
Mémoire n°51,En amont du spectacle - l'écriture  ,Pierrette Tournier ,Pays vizillois
Mémoire n°51,Mémoires ouvrières - Le spectacle - La compagnie Partage  ,Pierrette Tournier ,Vizille
Mémoire n°51,Les industries de Vizille  ,Denis Bellon ,Vizille
Mémoire n°51,Brèves d'archives - Pour le renom de la ville: la propreté  ,Paul Fournier ,Vizille
Mémoire n°51,Accidents industriels en Pays Vizillois  ,Pierre Fiat ,Pays vizillois
Mémoire n°51,La grande guerre de 1914-1918 - Vizille et ses soldats décédés entre le 1er juillet et le 31 décembre 1916  ,Marie-Claude Argoud ,Vizille
Mémoire n°51,Transports Paul Vallet  ,Alain Romestant ,Vizille
Mémoire n°51,Vizille et ses commerces - Place de la Libération/Place du Château - 2ème partie  ,Jeannette Della-Vedova ,Vizille
Mémoire n°51,Les quatrièmes grands rendez-vous de l'histoire du Pays Vizillois  ,Denis Bellon ,Vizille
Mémoire n°51,Inauguration de l'orgue de Vizille le dimanche 26 novembre 1899  ,Daniel Blanc-Gonnet ,Vizille
Mémoire n°51,Le protonotaire et le curé de Vizille  ,Denis Bellon ,Vizille
Mémoire n°51,L'orgue de Vizille  ,Transcription ,Vizille
Mémoire n°52,"Guy Delahaye , photographe  ",Denis Bellon ,Vizille
Mémoire n°52,"2017,Année Lesdiguières  ",Denis Bellon ,Vizille
Mémoire n°52,Vizille et le festival 1973/ 1988 ; Le Diable et le Capitaine -1983  ,"Robert Aillaud ,  Jeannette Della-Vedova ",Vizille
Mémoire n°52,A la rencontre de François de Bonne  ,Pierrette Tournier ,Vizille
Mémoire n°52,Marie Vignon seconde femme du connétable  ,Marie-Claude Argoud ,Vizille
Mémoire n°52,Les ancêtres de Lesdiguières  ,Jeannette Della-Vedova ,Vizille
Mémoire n°52,"Chronologie de la vie de François de Bonne, Duc de Lesdiguières  ",Marie-Claude Argoud ,Vizille
Mémoire n°52,Le pont Lesdiguières à Claix  ,Pierre Fiat ,Claix
Mémoire n°52,"La prise du Château de Champ, du Pont de Cognet, du Château du Monestier  ",Marie-Claude Argoud ,Isère
Mémoire n°52,Une épouvantable défaite-1587 : la bataille de Jarrie vue du côté suisse  ,Guy Le Comte ,Jarrie
Mémoire n°52,"Les enfants et notre patrimoine : le Château, les arts  ",Jocelyne BELLON ,Vizille
Mémoire n°52,La Grande Guerre de 1914-1918 : Vizille et ses soldats décédés entre le 1er Janvier et le 30 juin 1917  ,Marie-Claude Argoud ,Vizille
Mémoire n°52,Notre chère Annie  ,Pierre Coing Boyat ,Vizille
Mémoire n°52,Vizille et ses commerces : Place de la Libération / Place du Château - 3ème partie ,Jeannette Della-Vedova ,Vizille
Mémoire n°52,Les pages des jeux : Lesdiguières  ,Pierre Fiat ,Vizille
Mémoire n°52,Un orgue historique à restaurer  ,Daniel Blanc-Gonnet ,Vizille
Mémoire n°53,"Jean-Claude Gallotta , chorégraphe  ",Denis Bellon ,Isère
Mémoire n°53,A la découverte de l'art  ,Denis Bellon ,Pays vizillois
Mémoire n°53,Madame et Monsieur de Lesdiguières...  ,"Robert Aillaud ,  Patrice Dore ",Pays vizillois
Mémoire n°53,Complément à l'histoire de la Chapelle des Angonnes  ,Pierre Coing Boyat ,Brié et Angonnes
Mémoire n°53,Olivier Messiaen à Petichet  ,Pierre Coing Boyat ,Petichet
Mémoire n°53,"La musique à Vizille depuis 1873 -1ère partie : La fanfare de Vizille ou ""La Vizilloise"" - 1873/1982  ",Jeannette Della-Vedova ,Vizille
Mémoire n°53,Séraphin Guimet  ,Denis Bellon ,Vizille
Mémoire n°53,Les groupes musicaux  ,"Denis Bellon ,  Georges Martin ",Vizille
Mémoire n°53,L'art vivant - La danse : Jean-Claude Gallotta  ,Denis Bellon ,Isère
Mémoire n°53,L'art vivant - La danse : Jean-Claude Gallotta  ,Denis Bellon ,Pays vizillois
Mémoire n°53,L'art vivant - La danse : Jean-Claude Gallotta  ,Denis Bellon ,Vizille
Mémoire n°53,"Daise , Guy Desarmagnat  ",Denis Bellon ,Isère
Mémoire n°53,"Daise , Guy Desarmagnat  ",Denis Bellon ,Vizille
Mémoire n°53,L'art sur le plateau de Champagnier  ,Pierre Coing Boyat ,Champagnier
Mémoire n°53,Les tableaux restaurés de l'église de Saint Georges de Commiers  ,"Jacques Gasqui ,  Marc Masimbert ",Saint Georges de Commiers
Mémoire n°53,L'église Saint-Blaise à Champ sur Drac  ,Gilbert Gacon ,Champ sur Drac
Mémoire n°53,Enquête sur les tribulations d'un meuble d'église  ,Michel Merlin ,Jarrie
Mémoire n°53,Un regard artistique sur le patrimoine industriel local par L'Artelier d'Uriage  ,André Rossi ,Pays vizillois
Mémoire n°53,Un regard artistique sur le patrimoine industriel local par L'Artelier d'Uriage  ,André Rossi ,Uriage
Mémoire n°53,L'Ecole Nationale Professionnelle de jeunes filles de Vizille - l'ENP  ,Pierre Fiat ,Vizille
Mémoire n°53,La BD Jojo de la Gaffe  ,Georges Martin ,Vizille
Mémoire n°53,Les portes du Château de Vizille  ,Pierre Fiat ,Vizille
Mémoire n°53,Uriage : la fontaine de la déesse Hygie  ,Denis Bellon ,Uriage
Mémoire n°53,La première foire de Champagnier en 1758  ,Pierre Fiat ,Champagnier
Mémoire n°53,La Grande Guerre de 1914-1918 : Vizille et ses soldats décédés entre le 1er juillet et le31 décembre 1917  ,Marie-Claude Argoud ,Vizille
Mémoire n°53,Une page de l'histoire se tourne...L'hôpital-hospice  ,Marie-Claude Argoud ,Vizille
Mémoire n°53,Vizille et ses commerces : Place de la Libération - 4ème partie  ,Jeannette Della-Vedova ,Vizille
Mémoire n°54,Adrienne Celso  ,Pierre Coing Boyat ,Champ sur Drac
Mémoire n°54,Les retours et la reconstruction  ,Denis Bellon ,Vizille
Mémoire n°54,Le général Regard de la Grande Guerre à la Résistance  ,Jacques Gasqui ,Grenoble
Mémoire n°54,Le général Regard de la Grande Guerre à la Résistance  ,Jacques Gasqui ,Isère
Mémoire n°54,Le général Regard de la Grande Guerre à la Résistance  ,Jacques Gasqui ,Saint Georges de Commiers
Mémoire n°54,"Centenaire de la mort de Serge Basset, homme de lettres, auteur dramatique et journaliste français  ",Charles Paillet ,Grenoble
Mémoire n°54,"Centenaire de la mort de Serge Basset, homme de lettres, auteur dramatique et journaliste français  ",Charles Paillet ,Uriage
Mémoire n°54,Victor Chambe 1896-1965  ,Jeannette Della-Vedova ,Vizille
Mémoire n°54,Une famille qui a failli disparaître dans la tourmente de la pere guerre mondiale  ,"Jacques Gasqui , Marc Masimbert ",Vizille
Mémoire n°54,Les cérémonies du souvenir en Days Vizillois  ,Denis Bellon ,Vizille
Mémoire n°54,Les soldats de Brié-et-Angonnes décédés durant le conflit…  ,Marie-Claude Argoud ,Brié et Angonnes
Mémoire n°54,La grande guerre de 1914-1918 Vizille et ses soldats décédés entre le 1*' janvier et le 30 juin 1918  ,Marie-Claude Argoud ,Vizille
Mémoire n°54,L'épopée du ski jarrois - père partie - 1947/1968  ,Claudie Picot ,Jarrie
Mémoire n°54,De la Vizilloise à l'Harmonie de Vizille - 2° partie - 1983-2017  ,Jeannette Della-Vedova ,Vizille
Mémoire n°55,Sommaire  ,Collectif - les Amis de l'Histoire ,Pays vizillois
Mémoire n°55,•« Plus jamais ça ! »  ,Denis Bellon ,Pays vizillois
Mémoire n°55,• L'hirondelle de Vizille  ,Denis Bellon ,Isère
Mémoire n°55,• L'hirondelle de Vizille  ,Denis Bellon ,Pays vizillois
Mémoire n°55,La pisciculture du Château de Vizile  ,Danielle Amar ,Vizille
Mémoire n°55,"Une vie au... Parc des Princes ; La ferme prince à FontReygner, hameau de Saint jean de Vaux  ",Denis Bellon ,Saint Jean de Vaux
Mémoire n°55,"Une vie au... Parc des Princes ; La ferme prince à FontReygner, hameau de Saint jean de Vaux  ",Denis Bellon ,Vizille
Mémoire n°55,Le général Auguste Lardant soldat des troupes de montagne ,Jacques Gasqui ,Isère
Mémoire n°55,Le général Auguste Lardant soldat des troupes de montagne ,Jacques Gasqui ,Saint Georges de Commiers
Mémoire n°55,L'été 1944 au Péage-de-Vizile André raconte  ,André Finet ,Pays vizillois
Mémoire n°55,L'été 1944 au Péage-de-Vizile André raconte  ,André Finet ,Vizille
Mémoire n°55,Les femmes dans la guerre de 1914 à 1918  ,Marie-Claude Argoud ,Pays vizillois
Mémoire n°55,Les femmes dans la guerre de 1914 à 1918  ,Marie-Claude Argoud ,Vizille
Mémoire n°55,Joseph et François Baldacci  ,Jeannette Della-Vedova ,Pays vizillois
Mémoire n°55,Joseph et François Baldacci  ,Jeannette Della-Vedova ,Vizille
Mémoire n°55,La grande guerre de 1914-1918 Viille et ses soldats décédés entre le 1* juillet et le 31 décembre 1918  ,Marie-Claude Argoud ,Vizille
Mémoire n°55,Les anciennes routes du Pays Vizilois  ,Pierre Fiat ,Pays vizillois
Mémoire n°55,Les anciennes routes du Pays Vizilois  ,Pierre Fiat ,Uriage
Mémoire n°55,Les anciennes routes du Pays Vizilois  ,Pierre Fiat ,Vizille
Mémoire n°55,• L'épopée du ski jarrois - 2° partie - 1969/2017  ,Claudie Picot ,Jarrie
Mémoire n°55,•La « Samba Parade » de 2006 à Vizille  ,"Jeannette Della-Vedova ,  Jean Danz ",Vizille
Mémoire n°55,Les soldats de Saint-Barthélémy-de-Séchilienne décédés durant la Grande Guerre  ,Marie-Claude Argoud ,Saint Barthélémy de Séchilienne
Mémoire n°55,• Un passé bien antérieur ! Coupe de bois à Jarrie en 1743 ,Pierre Coing Boyat ,Jarrie
Mémoire n°55,Moi collectionneur  ,Marc Robert ,Vizille
Mémoire n°55,Une liqueur oubliée La «Benoîte d'Uriage »  ,Pierre Fiat ,Uriage
Mémoire n°55,Une liqueur oubliée La «Benoîte d'Uriage »  ,Pierre Fiat ,Vizille
Mémoire n°56,L'esprit de Résistance  ,Denis Bellon ,Isère
Mémoire n°56,L'esprit de Résistance  ,Denis Bellon ,Pays vizillois
Mémoire n°56,L'esprit de Résistance  ,Denis Bellon ,L'Oisans
Mémoire n°56,Germaine et Louis Vallier Résistants  ,Dominique Rossi ,Pays vizillois
Mémoire n°56,Germaine et Louis Vallier Résistants  ,Dominique Rossi ,Vizille
Mémoire n°56,Jean-Marcel Champon Résistant  ,Dominique Rossi ,Vizille
Mémoire n°56,/Users/michelt/Pictures/Photothèque.photoslibrary/originals/0/02DF1CB0-B94D-4170-A15F-41A54515EAB3.png  ,Dominique Rossi ,Vizille
Mémoire n°56,Parcours d'un Résistant sans frontière Ces étrangers qui ont fait la France (Dominique Rossi)  ,Dominique Rossi ,Vizille
Mémoire n°56,La famille Marangoni - Une triste histoire ()  ,Jeannette Della-Vedova ,Vizille
Mémoire n°56,Renée et André Berthon se souviennent ()  ,Jeannette Della-Vedova ,Vizille
Mémoire n°56,L'équipage américain du B24 - Libérator ()  ,Pierre Lafaverges ,L'Oisans
Mémoire n°56,L'équipage américain du B24 - Libérator ()  ,Pierre Lafaverges ,L'Alpe d'Huez
Mémoire n°56,Huez et l'Alpe - Été 1944 ()  ,Gilbert ORCEL ,L'Alpe d'Huez
Mémoire n°56,Des représentations d'animaux dans le Pays Vizillois ()  ,Annie Achard ,Pays vizillois
Mémoire n°56,Des représentations d'animaux dans le Pays Vizillois ()  ,Annie Achard ,Vizille
Mémoire n°56,Catalogue 2019  ,- ,Vizille
Mémoire n°56,D'où vient le mot Jarrie et que veut-il dire ? ()  ,Pierre Coing Boyat ,Jarrie
Mémoire n°56,Des Vizillois oubliés ()  ,Pierre Fiat ,Vizille
Mémoire n°56,Le train de la Romanche ()  ,Jean-Louis Philip ,Pays vizillois
Mémoire n°56,Le train de la Romanche ()  ,Jean-Louis Philip ,Vizille
Mémoire n°56,Herbeys - Chemins d'hier et d'aujourd'hui ()  ,Danièle Prud'homme ,Herbeys
Mémoire n°56,Un espace culturel Paul Bernard à Jarrie ()  ,Denis Bellon ,Champagnier
Mémoire n°56,Un espace culturel Paul Bernard à Jarrie ()  ,Denis Bellon ,Jarrie
Mémoire n°56,Un espace culturel Paul Bernard à Jarrie ()  ,Denis Bellon ,Pays vizillois
Mémoire n°56,Un espace culturel Paul Bernard à Jarrie ()  ,Denis Bellon ,Vizille
Mémoire n°57,Éditorial  ,Denis Bellon ,Pays vizillois
Mémoire n°57,14 septembre 1219: les jours d'après à Vizille  ,Georges Martin ,Pays vizillois
Mémoire n°57,14 septembre 1219: les jours d'après à Vizille  ,Georges Martin ,Vizille
Mémoire n°57,Les paléo-lacs d'Oisans - Une histoire de 30 000 ans  ,Marie-Christine Bailly-Maitre - ,L'Oisans
Mémoire n°57,Histoire d'eau à Saint-Georges-de-Commiers  ,Jacques Gasqui ,Saint Georges de Commiers
Mémoire n°57,Le lavoir de la Paute  ,Denis Bellon ,Vizille
Mémoire n°57,L'épisode de « la noyade » de Vizille  ,Pascale Beyls ,Vizille
Mémoire n°57,Le Lac de Haute-Jarrie et les sècheresses  ,Pierre Coing Boyat ,Jarrie
Mémoire n°57,Les ressources en eau de la commune de Saint-Pierre-de-Mésage  ,Jean-Claude Vayr ,Saint Pierre de Mésage
Mémoire n°57,Les ressources en eau de la commune de Saint-Pierre-de-Mésage  ,Jean-Claude Vayr ,Saint Pierre de Mésage
Mémoire n°57,La foire de Beaucroissant  ,Denis Bellon ,Isère
Mémoire n°57,Un monument historique classé en DANGER : Le prieuré de Vizille  ,Collectif - les Amis de l'Histoire ,Vizille
Mémoire n°57,A propos de la mutilation des personnages  ,Collectif - les Amis de l'Histoire ,Vizille
Mémoire n°57,La page du poète. Le cimetière de Vizille  ,- ,Vizille
Mémoire n°57,Premières écoles vizilloises  ,Denis Bellon ,Vizille
Mémoire n°57,Essai de toponymie de l'appellation Belledonne  ,Raymond Joffre ,Belledonne
Mémoire n°57,Les fossiles de Vaulnaveys-le-Bas  ,Bruno Vallois ,Vaulnaveys le bas
Mémoire n°57,Quand les élèves s'emparent de l'histoire  ,- ,Saint Pierre de Mésage
Mémoire n°57,Quand les élèves s'emparent de l'histoire  ,"Axelle Burnet ,  Stéphane Callot ",Saint Pierre de Mésage
Mémoire n°57,Souvenirs de guerre (39/45) d'un écolier vizillois  ,Jean Huyghe ,Pays vizillois
Mémoire n°57,Souvenirs de guerre (39/45) d'un écolier vizillois  ,Jean Huyghe ,Vizille
Mémoire n°57,Des représentations d'animaux dans le pays vizillois (2ème partie)  ,Marie-Claude Argoud ,Pays vizillois
Mémoire n°58,Éditorial  ,Denis Bellon ,Pays vizillois
Mémoire n°58,La faille de Vizille  ,Thierry Grand ,Pays vizillois
Mémoire n°58,La faille de Vizille  ,Thierry Grand ,Vizille
Mémoire n°58,Première ascension hivernale du Taillefer  ,Raymond Joffre ,Isère
Mémoire n°58,De la pierre au ciment  ,Paul Girard ,Vizille
Mémoire n°58,La carrière oubliée  ,Georges Martin ,Notre Dame de Mésage
Mémoire n°58,La carrière oubliée  ,Georges Martin ,Pays vizillois
Mémoire n°58,L'usine électrique et la glacière à Vaulnaveys-le-Haut  ,Charles Paillet ,Uriage
Mémoire n°58,Débits de boissons à Saint-Pierre-de-Mésage  ,Gaby Vair ,Saint Pierre de Mésage
Mémoire n°58,Une figure pittoresque du Château de Paille dans les années 1950 « Kiki la rate »  ,Colette Expilly ,Vizille
Mémoire n°58,Vizille à travers la presse et les revues  ,"- ,  Jean Gonnet ",Vizille
Mémoire n°58,"je suis descendu de ma tribune, mais je vais revenir  ",Daniel Blanc-Gonnet ,Vizille
Mémoire n°58,Le Blanco  ,Denis Bellon ,Matheysine
Mémoire n°58,Le Blanco  ,Denis Bellon ,Pays vizillois
Mémoire n°58,Qu'est-ce qu'un zouave 7 (  ,Jean Caelen ,Pays vizillois
Mémoire n°58,Châteauneuf à Haute-Jarrie  ,Pierre Coing Boyat ,Jarrie
Mémoire n°58,"Résistance : Paul Reymond, un des derniers témoins  ",Dominique Rossi ,Vizille
Mémoire n°58,Le symbolisme au cimetière Les animaux (2ème partie) (  ,Marie-Claude Argoud ,Vizille
Mémoire n°58,Une très curieuse adoption apparaît dans un registre d'état civil de Jarrie  ,Pierre Coing Boyat ,Jarrie
Mémoire n°58,Une très curieuse adoption apparaît dans un registre d'état civil de Jarrie  ,Pierre Coing Boyat ,Vizille
Mémoire n°58,"L'eau, les canaux Lignes de vie de notre histoire  ",Marie-Claude Argoud ,Pays vizillois
Mémoire n°58,"L'eau, les canaux Lignes de vie de notre histoire  ",Marie-Claude Argoud ,Vizille
Mémoire n°58,Table des articles publiés dans Mémoire du n° 56 au n° 63 ,Collectif - les Amis de l'Histoire ,Pays vizillois
Mémoire n°58,Table des articles publiés dans Mémoire du n° 49 au n° 55 ,- ,Vizille
Mémoire n°59,éditorial  ,Denis Bellon ,Pays vizillois
Mémoire n°59,La fin du carreau minier de Saint-Georges-de-Commiers ,Jacques Gasqui ,Matheysine
Mémoire n°59,La fin du carreau minier de Saint-Georges-de-Commiers ,Jacques Gasqui ,Saint Georges de Commiers
Mémoire n°59,"Marius Bœuf (1898-1985), conducteur de trains sur le chemin de fer de La Mure  ",Fernand Boeuf ,Matheysine
Mémoire n°59,"Marius Bœuf (1898-1985), conducteur de trains sur le chemin de fer de La Mure  ",Fernand Boeuf ,Saint Georges de Commiers
Mémoire n°59,Souvenirs de la période 1939-1945 - Rencontre avec Fernand Bœuf  ,Jacques Gasqui ,Saint Georges de Commiers
Mémoire n°59,Les origines de Vizille  ,Quentin Jagadzinskil ,Pays vizillois
Mémoire n°59,Les origines de Vizille  ,Quentin Jagadzinskil ,Vizille
Mémoire n°59,"Vieille-Morte « Une histoire de roche, d'eau... et d'hommes » (  ",Nathalie Poiret ,Pays vizillois
Mémoire n°59,"Vieille-Morte « Une histoire de roche, d'eau... et d'hommes » (  ",Nathalie Poiret ,Bourg d'Oisans
Mémoire n°59,Le premier festival de Vizille en 1973 - Till l'espiègle  ,Jeannette Della-Vedova ,Vizille
Mémoire n°59,Le Manoir des Rolland  ,Pierre Coing Boyat ,Jarrie
Mémoire n°59,La peste en 1348 ..  ,Denis Bellon ,Jarrie
Mémoire n°59,La peste en 1348 ..  ,Denis Bellon ,Vizille
Mémoire n°59,Brèves de peste  ,Pierre Coing Boyat ,Pays vizillois
Mémoire n°59,Regards d'artistes  ,Henri Ondel ,Vizille
Mémoire n°59,« Marianne de profil » à l'Hôtel de Ville de Vizille  ,Denis Bellon ,Vizille
Mémoire n°59,Le tableau de l'Assemblée de Vizille par Alexandre Debelle  - ,Paul Girard ,Isère
Mémoire n°59,Le tableau de l'Assemblée de Vizille par Alexandre Debelle  - ,Paul Girard ,Vizille
Mémoire n°60,Éditorial  ,Denis Bellon ,Vizille
Mémoire n°60,Le retour de Lucie Baud  ,Michèle Perrot ,Vizille
Mémoire n°60,Un nouveau siège - De Notre-Dame de Mésage à Vizille ( ,Denis Bellon ,Vizille
Mémoire n°60,Quatre prix  ,Denis Bellon ,Vizille
Mémoire n°60,Quatre prix  ,Denis Bellon ,Vizille
Mémoire n°60,Les grands rendez-vous de l'histoire du Pays Vizillois ,Denis Bellon ,Vizille
Mémoire n°60,Les numéros spéciaux  ,Denis Bellon ,Vizille
Mémoire n°60,"Mémoire, la revue  ",Collectif - les Amis de l'Histoire ,Pays vizillois
Mémoire n°60,"Les assemblées générales, de Vizille à Champ-sur-Drac ",Jacques Gasqui ,Pays vizillois
Mémoire n°60,"Vizille, ville en transition  ",Denis Bellon ,Vizille
Mémoire n°60,Faisons chanter « l'orgue du Pays Vizillois »  ,Daniel Blanc-Gonnet ,Vizille
Mémoire n°60,S.O.S. Prieuré  ,"Pierrette Tournier ,  Nathalie Poiret ",Vizille
Mémoire n°60,"La mascarade passe, et lonlonlère...  ","- ,  Michèle Delahaye-Ferrafiat ",Vizille
Mémoire n°60,Les nouveaux outils de communication  ,Daniel Blanc-Gonnet ,Vizille
Mémoire n°60,Le patrimoine funéraire  ,Daniel Blanc-Gonnet ,Vizille
Mémoire n°60,"Saint-Roch, patron des épidémies (suite)  ",Monique Bonvallet ,Pays vizillois
Mémoire n°60,Histoire de Haute-Jarrie et de la famille Teyssier de Savy (suite)  ,Pierre Coing Boyat ,Jarrie
Mémoire n°61,Éditorial  ,Denis Bellon ,Laffrey
Mémoire n°61,Éditorial  ,Denis Bellon ,Vizille
Mémoire n°61,"L'épopée de Napoléon, d'une île à l'autre  ",Patrick Laudet ,Laffrey
Mémoire n°61,"L'épopée de Napoléon, d'une île à l'autre  ",Patrick Laudet ,Pays vizillois
Mémoire n°61,"L'épopée de Napoléon, d'une île à l'autre  ",Patrick Laudet ,Vizille
Mémoire n°61,"L'épopée de Napoléon, d'une île à l'autre  ",Patrick Laudet ,Brié
Mémoire n°61,Le destin de la statue équestre de l'empereur  ,Raymond Joffre ,Grenoble
Mémoire n°61,Le destin de la statue équestre de l'empereur  ,Raymond Joffre ,Laffrey
Mémoire n°61,Le destin de la statue équestre de l'empereur  ,Raymond Joffre ,Pays vizillois
Mémoire n°61,"Dominique Jean Larrey, chirurgien en chef de la Grande Armée  ","Denis Bellon ,  Jacques Gasqui ",Pays vizillois
Mémoire n°61,Napoléon et la réglementation minière - La loi du 21 avril 1810  ,Marie-Christine Bailly-Maitre - ,Pays vizillois
Mémoire n°61,La statue équestre de Napoléon à Laffrey  ,- ,Laffrey
Mémoire n°61,Les « Réfugiés Politiques Espagnols »  ,Carlos Vasquez-Marquénez ,Vizille
Mémoire n°61,La vie de deux adolescents dans la tourmente de la guerre (1939-1945) - Pierre Ruibet et Mathilde Robert  ,Albert Samuell ,Vizille
Mémoire n°61,Pierre Ruibet - Histoire complète  ,gérard Guétat ,Vizille
Mémoire n°61,Mistral gagnant à la Gaffe Vizille  ,"Cécile Mauvy (Vivarat) , Monique Canie ",Vizille
Mémoire n°61,La Pierre des rois  ,Interview ,Pays vizillois
Mémoire n°61,Souvenir de l'Occupation à Saint-Georges-de-Commiers (rencontre avec Jany Filhol)  ,"Jacques Gasqui , Interview ",Pays vizillois
Mémoire n°61,Souvenir de l'Occupation à Saint-Georges-de-Commiers (rencontre avec Jany Filhol)  ,"Jacques Gasqui , Interview ",Saint Georges de Commiers
Mémoire n°61,Qui était « Patte d'ours » et que nous raconte Alexandre Debelle ?  ,"- ,  Jean Vallon ",Vizille
Mémoire N°62,Éditorial  ,Denis Bellon ,Pays vizillois
Mémoire N°62,Première du Festival de Vizille  ,Louis Beyler ,Vizille
Mémoire N°62,Les festivals de Louis Beyler - 1976-La mère  ,Jeannette Della-Vedova ,Vizille
Mémoire N°62,"Paul Michel, photographe  ",Jean Huyghe ,Vizille
Mémoire N°62,"Paul Michel, photographe  ",Jean Huyghe ,Vizille
Mémoire N°62,"Paul Michel, photographe  ",Jean Huyghe ,Belledonne
Mémoire N°62,"Paul Michel, photographe  ",Jean Huyghe ,L'Oisans
Mémoire N°62,"Paul Michel, photographe  ",Jean Huyghe ,Massif de Belledonne
Mémoire N°62,"Paul Michel, photographe  ",Jean Huyghe ,Vizille
Mémoire N°62,"Paul Michel, photographe  ",Jean Huyghe ,L'Oisans
Mémoire N°62,Les élèves découvrent Vizille - Le château du Roi  ,- ,Vizille
Mémoire N°62,Les élèves découvrent Vizille - Notre Mairie  ,Rémi Riolan ,Vizille
Mémoire N°62,Mathématiques et chemins de fer (ou René Thom sur le petit train de La Mure] (-  ,Jacques Gasqui ,Matheysine
Mémoire N°62,Mathématiques et chemins de fer (ou René Thom sur le petit train de La Mure] (-  ,Jacques Gasqui ,Vizille
Mémoire N°62,La maison de Petichet  ,"- ,  Evelyne Dress ",Matheysine
Mémoire N°62,Raconte-moi Allemond  ,Pierrette Tournier ,Allemond (38114)
Mémoire N°62,Ambiance à Vaulnaveys (  ,Pierre Coing Boyat ,Vaulnaveys le haut
Mémoire N°62,Les ascensions oubliées des officiers géographes (1748-1778) ,"Olivier Joseph ,  Paul Billon-grand ",L'Oisans
Mémoire N°62,Le prieuré de Vizille en BD  ,Pierre Martin ,Vizille
Mémoire N°62,Le prieuré de Vizille en BD  ,Georges Martin ,Vizille
Mémoire N°62,La Pierre des Rois (suite)  ,Georges Martin ,Saint Pierre de Mésage
Mémoire N°62,Pour en savoir plus - Une promenade dans les salles du Louvre ,Denis Bellon ,Pays vizillois
Mémoire N°62,L'histoire discrète de l'église Saint-Antoine de Livet  ,Caroline Guérin ,Livet et Gavet
Mémoire N°62,Le travail textile à Vizille  ,Quentin Jagadzinskil ,Vizille
Mémoire N°62,Vieille-Morte - Des logis et des écuries ? Des ruines...  ,Nathalie POIRET ,L'Oisans
Mémoire N°62,Les déplacements de Jean Jaurès en région « Rhône-Alpes » () ,Catherine Moulin ,Vizille
Mémoire N°62,Les déplacements de Jean Jaurès en région «Rhône-Alpes» - 2ème partie  ,- ,Vizille
Mémoire n°63,Éditorial  ,Denis Bellon ,Pays vizillois
Mémoire n°63,Éditorial  ,Denis Bellon ,Vizille
Mémoire n°63,L'ancien canton de Vizille de la préhistoire à l'AN MIL  ,Jean-Claude Michel ,Pays vizillois
Mémoire n°63,L'ancien canton de Vizille de la préhistoire à l'AN MIL  ,Jean-Claude Michel ,Vizille
Mémoire n°63,La « Fontaine puant » au hameau des Essoulieux (commune du Bourg d'Oisans)  ,Nathalie Poiret ,Bourg d'Oisans
Mémoire n°63,Le dernier train  -  ,Denis Bellon ,Pays vizillois
Mémoire n°63,Le dernier train  -  ,Denis Bellon ,Vizille
Mémoire n°63,Les mémoires de Carmen Saunier  ,Carmen Saunier ,Pays vizillois
Mémoire n°63,Les mémoires de Carmen Saunier  ,Carmen Saunier ,Vizille
Mémoire n°63,Les mémoires de Carmen Saunier  ,Carmen Saunier ,Bourg d'Oisans
Mémoire n°63,Les Gourlus  ,Claudie Picot ,Vizille
Mémoire n°63,Le prieuré de Vizille en BD  ,Georges Martin ,Vizille
Mémoire n°63,L'histoire du château de Cornage de Lesdiguières à nos jours  ,"Gérard Mingat , Gilles Rey ",Vizille
Mémoire n°63,Bon Repos - Grandeur et décadence ou les misères d'un château ,Pierre Coing Boyat ,Jarrie
Mémoire n°63,"L'Académie Delphinale, 250 ans d'histoire et de mémoire en Dauphiné ",Denis Bellon ,Isère
Mémoire n°63,1982 - Les Trois Mousquetaires - Louis Beyler Le Festival de Vizille fête ses 10 ans...  ,Jeannette Della-Vedova ,Vizille
Mémoire n°63,"Casimir, André, Gérard Berthon et le rugby  ",Jeannette Della-Vedova ,Vizille
Mémoire n°63,Balade vizilloise au fil des panneaux  ,Pierrette Tournier ,Vizille
Mémoire n°64,Éditorial  ,Denis Bellon ,Vizille
Mémoire n°64,Le cahier de route de Charvet  ,Pierrette Tournier ,Vizille
Mémoire n°64,Le tram ne viendra plus sur la place  ,Denis Bellon ,Vizille
Mémoire n°64,Ils eurent leur temps de célébrité...! maintenant nos vieux trams tombent sous les coups des démolisseurs  ,Aimé Mollard ,Vizille
Mémoire n°64,Le petit train départemental des V.F.D. a fait son dernier voyage  ,Denis Bellon ,Vizille
Mémoire n°64,Le petit train départemental des V.F.D. a fait son dernier voyage  ,Denis Bellon ,Bourg d'Oisans
Mémoire n°64,Des locomotives au pied des Alpes - De la gare Jarrie-Vizille à la gare  ,Pascal Reinhard ,Jarrie
Mémoire n°64,Des locomotives au pied des Alpes - De la gare Jarrie-Vizille à la gare  ,Pascal Reinhard ,Vizille
Mémoire n°64,Champagne à Brié - Mont-Rolland  ,"Pierre Coing Boyat , Denise Rostaing ",Jarrie
Mémoire n°64,Le prieuré de Vizille en BD  ,Georges Martin ,Vizille
Mémoire n°64,1979 - Ah ! Si Arthur était là... Le Vilème festival de Vizille  ,Jeannette Della-Vedova ,Vizille
Mémoire n°64,Histoire de la famille Brun - Du rouleau à pâtisserie au rouleau compresseur !  - ,Jean-Louis Philip ,Vizille
Mémoire n°64,Les facteurs ruraux du Pays Vizillois sous le Second Empire  ,Jacques Gasqui ,Vizille
Mémoire n°64,Les facteurs ruraux du Pays Vizillois sous le Second Empire  ,Jacques Gasqui ,Canton (38220)
Mémoire n°64,Le centre d'apprentissage bilan d'une année de travail - 14 juillet 1952  ,Denis Bellon ,Vizille
Mémoire n°64,Jean Seyer (Surville nom de code dans la Résistance) un Lorrain au maquis de l'Disans  ,Denis Bellon ,Vizille
Mémoire n°64,Essai sur l'histoire minière et minéralogique des anciennes mines de fer de la commune de Saint-Pierre de Mésage  ,- ,Saint Pierre de Mésage
Mémoire n°65,Éditorial  ,Denis Bellon ,Vizille
Mémoire n°65,"La recherche historique, une histoire à rebondissements  ",Pierre Coing Boyat ,Canton (38220)
Mémoire n°65,La centrale hydroélectrique des Vernes - Une histoire remarquable  ,Marie-Christine Bailly-Maitre - ,Séchilienne
Mémoire n°65,La centrale hydroélectrique des Vernes - Une histoire remarquable  ,Marie-Christine Bailly-Maitre - ,Livet et Gavet
Mémoire n°65,La centrale hydroélectrique des Vernes - Une histoire remarquable  ,Marie-Christine Bailly-Maitre - ,Rioupéroux
Mémoire n°65,Les édifices religieux de l'ancien canton de Vizille - fère partie ,Jean-Claude Michel ,Canton (38220)
Mémoire n°65,La remplaçante  ,Collectif - les Amis de l'Histoire ,Vizille
Mémoire n°65,La poésie du jour par l'intelligence artificielle sur Vizille  ,Roland Mastrorillo ,Vizille
Mémoire n°65,Symphonie lacustre - Les lacs du Dauphiné - fère partie  ,Thierry Grand ,Laffrey
Mémoire n°65,Symphonie lacustre - Les lacs du Dauphiné - fère partie  ,Thierry Grand ,L'Oisans
Mémoire n°65,Symphonie lacustre - Les lacs du Dauphiné - fère partie  ,Thierry Grand ,Canton (38220)
Mémoire n°65,Parrainage des tuyaux d'orgue  ,Daniel Blanc-Gonnet ,Vizille
Mémoire n°65,Symphonie lacustre - Les lacs du Dauphiné (suite)  ,Thierry Grand ,Massif de Belledonne
Mémoire n°65,Symphonie lacustre - Les lacs du Dauphiné (suite)  ,Thierry Grand ,L'Oisans
Mémoire n°65,Maurice Gaillard  ,Bernard Tixier ,Vizille
Mémoire n°65,L'histoire dans les archives communales - Le vingt-quatrième des pauvres  ,Pierre Coing Boyat ,Canton (38220)
Mémoire n°65,Souvenirs de Mohamed Boumeghra  ,Jeannette Della-Vedova ,Vizille
Mémoire n°65,Les vingt ans de l'association des amis de la chapelle  ,- ,Vizille
Mémoire n°65,La chapelle Saint-Barthélemy à Sersigaud  ,Paul Schwoerer ,Matheysine
Mémoire n°65,Vizille demain  ,Denis Bellon ,Vizille
Mémoire n°66,40000€ pour le prieuré de Vizille  ,Denis Bellon ,Vizille
Mémoire n°66,Éditorial  ,- ,Pays vizillois
Mémoire n°66,L'ancien diocèse de Grenoble et son art roman - Le Pays Vizillois  ,Apolinne Troyes ,Pays vizillois
Mémoire n°66,Bâtiments et monuments que la pierre a bâtis !  ,Thierry Grand ,Pays vizillois
Mémoire n°66,Les édifices religieux de l'ancien canton de Vizille - 2ème partie  ,Jean-Claude Michel ,Pays vizillois
Mémoire n°66,La remplaçante (suite)  ,- ,Pays vizillois
Mémoire n°66,La poésie du jour 0 par l'intelligence artificielle sur Vizille ,- ,Vizille
Mémoire n°66,les mines de l’hermine  ,Marie-Christine Bailly-Maitre - ,L'Oisans
Mémoire n°66,les mines de l’hermine  ,Marie-Christine Bailly-Maitre - ,L'Alpe d'Huez
Mémoire n°66,Lucie Baud a enfin son école à Saint-Pierre de Mésage ,Denis Bellon ,Saint Pierre de Mésage
Mémoire n°66,Le tremplin de Saint-Nizier  ,Denis Bellon ,Grenoble
Mémoire n°66,Cérémonie du 11 novembre 2023  ,Pierrette Tournier ,Pays vizillois
Mémoire n°66,Cérémonie du 11 novembre 2023  ,Pierrette Tournier ,Vizille
Mémoire n°66,Rencontre à Séchilienne  ,Bernard Ycart ,Pays vizillois
Mémoire n°66,Et si on parlait BD ?  ,Georges Martin ,Pays vizillois
Mémoire n°67,Éditorial  ,Denis Bellon ,Pays vizillois
Mémoire n°67,Les papeteries de Vizille - Une histoire de familles,Gérard Coste,Vizille
Mémoire n°67,Château de Maupertuis dit Château d'Hugues,Pierre Coing Boyat ,Jarrie
Mémoire n°67,Le chemin de croix de Luc Barbier à l'église de Vizille,Michel Merlin - Michel Vallon,Vizille
