Numéro,Titre,Auteur(s),Theme(s),Ville(s),Latitude,Longitude
Mémoire n°01,Éditorial  ,['Denis bellon'],"['Lieux remarquables', 'Patrimoine', ""Vie de l'association""]",Vizille,45.0793,5.7727
Mémoire n°01,Comment la Ille République a sombré Journal de Marguerite Lebrun (août 39 julle 40)  ,['Eric freysselinard'],"['Guerres', 'Histoires', 'Lieux remarquables', 'Personnages remarquables']",Vizille,45.0793,5.7727
Mémoire n°01,"Paul Michel, photographe  ",[],['Arts'],Vizille,45.0793,5.7727
Mémoire n°01,La bataille de Jarrie  ,['Yvette virot'],"['Guerres', 'Religions']",Jarrie,45.1043,5.7552
Mémoire n°01,Bains électriques d'air chaud au château de Vizille  ,['Gérard mingat'],"['Bâtiments et édifices', 'Médecine']",Vizille,45.0793,5.7727
Mémoire n°01,Le choléra dans nos contrées en 1854  ,['Bernard mingone'],['Médecine'],Séchilienne,45.0676,5.8525
Mémoire n°01,D'aigua sioplait (de l'eau s'il vous plaît)  ,['Denis bellon'],"['Personnages remarquables', 'Souvenirs', 'Vie locale']",Vizille,45.0793,5.7727
Mémoire n°01,Le souvenir  ,['Jean danz'],"['Guerres', 'Récits']",Vizille,45.0793,5.7727
Mémoire n°01,Les Tissages de Vizille de 1918 à 1968 ()  ,['Jean huyghe'],"['Activités industrielles', 'Lieux remarquables', 'Récits', 'Souvenirs']",Vizille,45.0793,5.7727
Mémoire n°01,A propos du Prieuré de Vizille  ,['Jeanne de gaudenzi'],"['Bâtiments et édifices', 'Religions']",Vizille,45.0793,5.7727
Mémoire n°01,I - Un séjour à émotion de Marcel Deprez  ,['Alain emery'],['Personnages remarquables'],Jarrie,45.1043,5.7552
Mémoire n°01,Un grand mariage à Vizille au XVIIIe siècle  ,['Germaine billon'],['Evènements'],Vizille,45.0793,5.7727
Mémoire n°01,Les femmes dans la guerre de 14-18 - Seconde partie )  ,['Marie-claude argoud'],"['Grandes périodes', 'Guerres', 'Histoires', 'Souvenirs']",Vizille,45.0793,5.7727
Mémoire n°01,Comment a commencé ma collection d'objets sur les JeuxOlympiques d'hiver de Grenoble  ,['Marc robert'],"['Evènements', 'Récits', 'Sport']",Vizille,45.0793,5.7727
Mémoire n°01,La page utile  ,[],"[""Vie de l'association""]",Vizille,45.0793,5.7727
Mémoire n°02,Premiers noms connus à Séchilienne  ,['Bernard mingone'],"['Généalogie', 'Héraldique']",Séchilienne,45.0676,5.8525
Mémoire n°02,II - Biographie de Marcel Deprez  ,['Alain emery'],['Personnages remarquables'],Jarrie,45.1043,5.7552
Mémoire n°02,Chapelle de Montchaboud  ,['Jacques jérome'],"['Bâtiments et édifices', 'Religions']",Montchaboud,45.0782,5.7687
Mémoire n°02,Propriétaires successifs du Château de Vizille  ,['Gérard mingat'],"['Bâtiments et édifices', 'Personnages remarquables']",Vizille,45.0793,5.7727
Mémoire n°02,Recettes dauphinoises  ,['Adrienne celso'],['Cuisine et recettes'],Jarrie,45.1043,5.7552
Mémoire n°02,Vizille en feu  ,['Bernard mingone'],['Evènements'],Vizille,45.0793,5.7727
Mémoire n°02,Louis XIII et Richelieu à Jarrie  ,['Adrienne celso'],['Personnages remarquables'],Jarrie,45.1043,5.7552
Mémoire n°02,Manière de se soigner autrefois  ,['Marguerite vianney-liaud'],['Médecine'],Herbeys,45.1112,5.7769
Mémoire n°03,Le train dans le canton de Vizille  ,['Yvette virot'],['Voies de communication'],Jarrie,45.1043,5.7552
Mémoire n°03,Vizille et le tour de France  ,['Jean guitton'],['Sport'],Vizille,45.0793,5.7727
Mémoire n°03,La marmite de Lesdiguières  ,['Gérard mingat'],['Cuisine et recettes'],Vizille,45.0793,5.7727
Mémoire n°03,III - Marcel Deprez : l'expérience de Jarrie  ,['Alain emery'],"['Activités industrielles', 'Personnages remarquables']",Jarrie,45.1043,5.7552
Mémoire n°03,Vizille il y a 100 ans  ,['Robert aillaud'],['Vie locale'],Vizille,45.0793,5.7727
Mémoire n°03,L'église de Vizille : un siècle de péripéties  ,['Raoul naz'],"['Bâtiments et édifices', 'Religions']",Vizille,45.0793,5.7727
Mémoire n°04,La vallée de la Romanche (moyenne et basse)  ,['Paul wohlschlegel'],"['Canaux et fontaines', 'Eau', 'Rivières']",Vizille,45.0793,5.7727
Mémoire n°04,Les docteurs Bonnardon  ,['Anne-marie causse'],"['Médecine', 'Personnages remarquables']",Vizille,45.0793,5.7727
Mémoire n°04,Les tribulations du Baptiste  ,['Aline pignat'],"['Personnages remarquables', 'Vie locale']",Séchilienne,45.0676,5.8525
Mémoire n°04,Contrat de mariage  ,['Bernard mingone'],"['Généalogie', 'Héraldique']",Séchilienne,45.0676,5.8525
Mémoire n°04,Le mariage de Céline : la mariée humoriste  ,['René simiand'],"['Evènements', 'Histoires']",Jarrie,45.1043,5.7552
Mémoire n°04,Le quartier de la Gaffe  ,['Jean fagno'],['Vie locale'],Vizille,45.0793,5.7727
Mémoire n°04,Protection et restauration du Prieuré de Vizille  ,['Robert aillaud'],"['Bâtiments et édifices', 'Religions']",Vizille,45.0793,5.7727
Mémoire n°05,Les papeteries de Vizille : plus de 400 ans cette année  ,['Robert aillaud'],['Activités industrielles'],Vizille,45.0793,5.7727
Mémoire n°05,Prieuré de Vizille : quoi de neuf !  ,['Robert aillaud'],"['Bâtiments et édifices', 'Religions']",Vizille,45.0793,5.7727
Mémoire n°05,IV - Transport d'électricité - Marcel Deprez  ,['Alain emery'],"['Activités industrielles', 'Personnages remarquables']",Jarrie,45.1043,5.7552
Mémoire n°05,La formation des groupes de résistance à Vizille  ,['Gérard mingat'],"['Grandes périodes', 'Guerres']",Vizille,45.0793,5.7727
Mémoire n°06,La basse vallée de la Romanche  ,['Paul wohlschlegel'],"['Canaux et fontaines', 'Eau', 'Rivières']",Vizille,45.0793,5.7727
Mémoire n°06,50 ans déjà : la Rafle du 18 février 1944  ,"['Gérard mingat', 'Robert aillaud']","['Grandes périodes', 'Guerres']",Vizille,45.0793,5.7727
Mémoire n°06,I - le fort des 4 seigneurs  ,"['Marguerite vianney-liaud', 'Robert bornecque']",['Bâtiments et édifices'],Herbeys,45.1112,5.7769
Mémoire n°06,II - le fort des 4 seigneurs  ,"['Marguerite vianney-liaud', 'Robert bornecque']",['Bâtiments et édifices'],Herbeys,45.1112,5.7769
Mémoire n°07,Un peu de toponymie  ,['André frances'],"['Patois', 'Toponymie']",Vizille,45.0793,5.7727
Mémoire n°07,Visite de l'évêque de Grenoble : 1672 à Séchilienne  ,['Bernard mingone'],"['Bâtiments et édifices', 'Religions']",Séchilienne,45.0676,5.8525
Mémoire n°07,Adolphe Delleda : coureur cycliste  ,['Jean guitton'],['Sport'],Vizille,45.0793,5.7727
Mémoire n°07,22 aout 1944 : le film oublié  ,['Robert aillaud'],"['Grandes périodes', 'Guerres']",Vizille,45.0793,5.7727
Mémoire n°07,Bibliographie et sources : le Prieuré de Vizille  ,['Pierre melquiond'],"['Bâtiments et édifices', 'Religions']",Vizille,45.0793,5.7727
Mémoire n°07,Il était une fois à Jarrie : les travaux des champs  ,"[""Jeanette cheveu d'or""]",['Vie locale'],Jarrie,45.1043,5.7552
Mémoire n°08,Facheux XXe siècle : St Michel de Connexe  ,['Robert aillaud'],['Actualités'],Séchilienne,45.0676,5.8525
Mémoire n°08,Un instrument insolite  ,['Marguerite vianney-liaud'],['Vie locale'],Herbeys,45.1112,5.7769
Mémoire n°08,15 mars 1777 : testament de l'abbé de Beauregard  ,['Pierre coing boyat'],"['Personnages remarquables', 'Religions']",Jarrie,45.1043,5.7552
Mémoire n°08,"Une belle trouvaille, un bon réflexe  ",['Robert aillaud'],['Archéologie'],Jarrie,45.1043,5.7552
Mémoire n°08,Il était une fois Jarrie : les plaisirs de neige  ,"[""Jeanette cheveu d'or""]","['Sport', 'Vie locale']",Jarrie,45.1043,5.7552
Mémoire n°08,Construction d'un pont Tarron par le génie  ,['Robert aillaud'],['Voies de communication'],Vizille,45.0793,5.7727
Mémoire n°08,"Renards d'aujourd'hui, loups d'autrefois  ",['Aline pignat'],"['Histoires', 'Vie locale']",Séchilienne,45.0676,5.8525
Mémoire n°09,Attention : un malentendu peut en cacher un autre  ,['Louis bourdat'],['Vie locale'],Vizille,45.0793,5.7727
Mémoire n°09,I - Les aventures de Charvet - Citoyen vizillois  ,['Gérard mingat'],"['Grandes périodes', 'Personnages remarquables']",Vizille,45.0793,5.7727
Mémoire n°09,Cure et littérature à Uriage  ,['Pierre bourdat'],['Vie locale'],Uriage,45.1347,5.8239
Mémoire n°10,II - Les aventures de Charvet  ,['Gérard mingat'],"['Grandes périodes', 'Personnages remarquables']",Vizille,45.0793,5.7727
Mémoire n°10,Vizille 1711 : un contrat d'apprentissage  ,['Pierre melquiond'],['Documents remarquables'],Vizille,45.0793,5.7727
Mémoire n°10,Chateau d'Herbeys  ,['Marguerite vianney-liaud'],['Bâtiments et édifices'],Herbeys,45.1112,5.7769
Mémoire n°10,Enfant à Vizille dans les années 30  ,['Jean perrin'],['Vie locale'],Vizille,45.0793,5.7727
Mémoire n°10,Comment fut fixé le prix du pain à Vizille en 1615 ,['Pierre coing boyat'],"['Documents remarquables', 'Vie locale']",Vizille,45.0793,5.7727
Mémoire n°10,Le village nègre  ,['Gabriel perrin'],['Vie locale'],Vizille,45.0793,5.7727
Mémoire n°11,Le raffour de la montagne du Péage  ,"['André falco', 'Edith falco']","['Activités industrielles', 'Mines et minéralogie']",Vizille,45.0793,5.7727
Mémoire n°11,III - Les aventures de Charvet  ,['Gérard mingat'],"['Grandes périodes', 'Personnages remarquables']",Vizille,45.0793,5.7727
Mémoire n°11,Il était une fois Jarrie : les commerces  ,"[""Jeanette cheveu d'or""]",['Vie locale'],Jarrie,45.1043,5.7552
Mémoire n°11,Retour à l'école des cadres d'Uriage  ,['Pierre bourdat'],['Enseignement'],Uriage,45.1347,5.8239
Mémoire n°12,IV - Les aventures de Charvet  ,['Gérard mingat'],"['Grandes périodes', 'Personnages remarquables']",Vizille,45.0793,5.7727
Mémoire n°12,Le plâtre d'Herbeys  ,['Marguerite vianney-liaud'],"['Patois', 'Toponymie']",Herbeys,45.1112,5.7769
Mémoire n°12,18 février 1944  ,['Jean perrin'],"['Grandes périodes', 'Guerres']",Vizille,45.0793,5.7727
Mémoire n°12,Vizille fait divers : 18 février 1944  ,['Louis girard-reydet'],"['Grandes périodes', 'Guerres']",Vizille,45.0793,5.7727
Mémoire n°12,Les scouts de Vizille  ,['Jean fagno'],['Vie locale'],Vizille,45.0793,5.7727
Mémoire n°13,"""L'aigle a deux têtes"" vu par Raymond Voinquel  ",['Alain chevalier'],"['Bâtiments et édifices', 'Vie locale']",Vizille,45.0793,5.7727
Mémoire n°13,V - Les aventures de Charvet : 1814-1816  ,['Gérard mingat'],"['Grandes périodes', 'Personnages remarquables']",Vizille,45.0793,5.7727
Mémoire n°13,Journées du patrimoine 21 septembre 1997  ,['Germaine billon'],['Actualités'],Grenoble,45.1885,5.7245
Mémoire n°14,La croix du Mottet  ,['Michel vial'],"['Bâtiments et édifices', 'Religions']",Séchilienne,45.0676,5.8525
Mémoire n°14,Quand les vizillois chantaient  ,['Robert aillaud'],"['Documents remarquables', 'Vie locale']",Vizille,45.0793,5.7727
Mémoire n°14,VI - Les aventures de Charvet  ,['Gérard mingat'],"['Grandes périodes', 'Personnages remarquables']",Vizille,45.0793,5.7727
Mémoire n°14,Un mariage compromis à Jarrie  ,['Pierre coing boyat'],['Vie locale'],Jarrie,45.1043,5.7552
Mémoire n°14,Avis de recherche  ,['Robert aillaud'],['Enseignement'],Vizille,45.0793,5.7727
Mémoire n°14,Histoire d'un site industriel  ,['Alain emery'],['Activités industrielles'],Jarrie,45.1043,5.7552
Mémoire n°14,Traditions et coutumes de Vizille  ,['Claude muller'],['Vie locale'],Vizille,45.0793,5.7727
Mémoire n°14,Actualités : les 20 ans de Bonrepos  ,['Robert aillaud'],['Actualités'],Jarrie,45.1043,5.7552
Mémoire n°15,Le chatelain d'Herbeys  ,['Marguerite vianney-liaud'],['Vie locale'],Herbeys,45.1112,5.7769
Mémoire n°15,Le trolleybus du Péage de Vizille  ,['Jean perrin'],['Voies de communication'],Vizille,45.0793,5.7727
Mémoire n°15,VII - Les aventures de Charvet (fin)  ,['Gérard mingat'],"['Grandes périodes', 'Personnages remarquables']",Vizille,45.0793,5.7727
Mémoire n°15,L'appareil judiciaire grenoblois Napoléon et la magistrature  ,['Roger morard'],['Vie locale'],Grenoble,45.1885,5.7245
Mémoire n°16,Le chateau de Bonrepos  ,['Pierre coing boyat'],['Bâtiments et édifices'],Jarrie,45.1043,5.7552
Mémoire n°16,I - Les visites pastorales du Cardinal Le Camus en Pays Vizillois  ,['Michel vial'],"['Personnages remarquables', 'Religions']",Herbeys,45.1112,5.7769
Mémoire n°17,Un cheval peu ordinaire  ,"[""Jeanette cheveu d'or""]","['Histoires', 'Vie locale']",Jarrie,45.1043,5.7552
Mémoire n°17,Il était une fois Jarrie : la colonie de St Maurice en Trièves  ,"[""Jeanette cheveu d'or""]",['Vie locale'],Jarrie,45.1043,5.7552
Mémoire n°17,Relation des incidents survenus à Jarrie en juillet et août 44  ,['Georgette balor'],"['Grandes périodes', 'Guerres']",Jarrie,45.1043,5.7552
Mémoire n°18,Il était une fois Jarrie : traditions chrétiennes d'antan  ,"[""Jeanette cheveu d'or""]",['Religions'],Jarrie,45.1043,5.7552
Mémoire n°18,1943 - 1944 : la voiture au gazo de mon père  ,['Jean perrin'],"['Grandes périodes', 'Guerres', 'Vie locale']",Vizille,45.0793,5.7727
Mémoire n°18,Comment Lesdiguières punit cruellement Jacquet le Maraudeur ,['Germaine billon'],['Contes et légendes'],Vizille,45.0793,5.7727
Mémoire n°18,"Vizille, camp des veilles ou pays des eaux  ",['André frances'],"['Patois', 'Toponymie']",Vizille,45.0793,5.7727
Mémoire n°18,III - Les visites pastorales du Cardinal Le Camus en Pays Vizillois ,['Michel vial'],"['Personnages remarquables', 'Religions']",Séchilienne,45.0676,5.8525
Mémoire n°18,Mémoire d'une communauté : visages de Jarrie  ,['Robert aillaud'],['Actualités'],Jarrie,45.1043,5.7552
Mémoire n°18,Mémoire d'une communauté : visages de Jarrie  ,['Robert aillaud'],['Actualités'],Vizille,45.0793,5.7727
Mémoire n°19,Il était une fois Jarrie : nos pélerinages  ,"[""Jeanette cheveu d'or""]","['Religions', 'Vie locale']",Jarrie,45.1043,5.7552
Mémoire n°19,La famille de Saint-Léger fête 1000 ans d'histoire  ,['Bernard de saint-léger'],"['Généalogie', 'Héraldique']",Jarrie,45.1043,5.7552
Mémoire n°19,Sur les traces d'André Charvet : citoyen vizillois  ,['Robert aillaud'],['Documents remarquables'],Vizille,45.0793,5.7727
Mémoire n°19,Contrat de mariage  ,['Yves marcel'],"['Documents remarquables', 'Généalogie', 'Héraldique']",Séchilienne,45.0676,5.8525
Mémoire n°19,IV - Les visites pastorales du Cardinal Le Camus en pays Vizillois : Notre-Dame de Jarrie  ,['Michel vial'],"['Personnages remarquables', 'Religions']",Jarrie,45.1043,5.7552
Mémoire n°19,Les aventures de Basile Bonnardon : médecin à Vizille au XIXe siècle  ,['Robert aillaud'],"['Médecine', 'Personnages remarquables']",Vizille,45.0793,5.7727
Mémoire n°20,Une affaire entre Casimir Périer et Claude Rouget de Lisle  ,['Gérard mingat'],"['Bâtiments et édifices', 'Vie locale']",Vizille,45.0793,5.7727
Mémoire n°20,1843 : Histoire d'eau - 1852 : Histoire de débit de boisson  ,['Bernard mingone'],['Vie locale'],Séchilienne,45.0676,5.8525
Mémoire n°20,Le bas-relief du château de Vizille  ,['Gérard mingat'],['Bâtiments et édifices'],Vizille,45.0793,5.7727
Mémoire n°20,Un faire-part de décès original  ,['Gérard mingat'],['Documents remarquables'],Vizille,45.0793,5.7727
Mémoire n°21,Les mémoires du docteur Bonnardon  ,['Robert aillaud'],"['Médecine', 'Personnages remarquables']",Séchilienne,45.0676,5.8525
Mémoire n°21,Le pont de Vizille et son péage  ,['Bernard françois'],['Voies de communication'],Vizille,45.0793,5.7727
Mémoire n°21,La carte postale témoin de l'histoire  ,['Gérard mingat'],['Documents remarquables'],Vizille,45.0793,5.7727
Mémoire n°21,Le centre de documentation du domaine départemental  ,['Robert aillaud'],['Actualités'],Vizille,45.0793,5.7727
Mémoire n°21,"Trois vizilloises dans la vie ""chamboulée"" des normaliennes  ",['Aline pignat'],['Enseignement'],Grenoble,45.1885,5.7245
Mémoire n°21,VI - Les visites pastorales du cardinal Le Camus : pays d'Uriage  ,['Michel vial'],"['Personnages remarquables', 'Religions']",Uriage,45.1347,5.8239
Mémoire n°21,Lieudit et bail à ferme à Jarrie en 1653  ,['Pierre coing boyat'],"['Documents remarquables', 'Vie locale']",Jarrie,45.1043,5.7552
Mémoire n°22,Votre grand-père fait-il partie de cette brochette de cycliste ?  ,['Robert aillaud'],['Sport'],Vizille,45.0793,5.7727
Mémoire n°22,La wehrmacht à Vizille du 10 au 21 aout 1944  ,['Jean perrin'],"['Grandes périodes', 'Guerres']",Vizille,45.0793,5.7727
Mémoire n°22,Raconte grand-père... Souvenirs d'école  ,['Jean perrin'],['Enseignement'],Vizille,45.0793,5.7727
Mémoire n°22,La mairie école des Chaberts  ,['Pierre coing boyat'],['Bâtiments et édifices'],Jarrie,45.1043,5.7552
Mémoire n°22,Une maison disparue au passé revenu  ,['Renée gachet berthon'],['Bâtiments et édifices'],Vizille,45.0793,5.7727
Mémoire n°22,Les présidents de la République vus par un enfant  ,['Paul wohlschlegel'],['Personnages remarquables'],Vizille,45.0793,5.7727
Mémoire n°22,I - Les moulins de Jarrie à travers l'histoire  ,['Pierre coing boyat'],['Activités agricoles'],Jarrie,45.1043,5.7552
Mémoire n°22,A propos d'un sauvetage  ,['Adrienne celso'],['Evènements'],Jarrie,45.1043,5.7552
Mémoire n°22,La mort du maire de Vizille  ,['Adrienne celso'],['Evènements'],Vizille,45.0793,5.7727
Mémoire n°23,II - Les moulins de Jarrie à travers l'histoire  ,['Pierre coing boyat'],['Activités agricoles'],Jarrie,45.1043,5.7552
Mémoire n°23,Le domaine Rabit à Herbeys  ,['Marguerite vianney-liaud'],['Personnages remarquables'],Herbeys,45.1112,5.7769
Mémoire n°23,Mondanité à Grenoble et Vizille - 1950  ,['Gérard mingat'],['Evènements'],Vizille,45.0793,5.7727
Mémoire n°23,Histoire d'ours dans la montagne de Séchilienne  ,['Bernard mingone'],['Histoires'],Séchilienne,45.0676,5.8525
Mémoire n°24,Nouvelles histoires d'ours  ,['Bernard mingone'],['Histoires'],Séchilienne,45.0676,5.8525
Mémoire n°24,III - Les moulins de Jarrie à travers l'histoire  ,['Pierre coing boyat'],['Activités agricoles'],Jarrie,45.1043,5.7552
Mémoire n°25,"""La Marianne"" : le monument commémoratif de l'assemble de Vizille  ",['Robert chagny'],['Bâtiments et édifices'],Vizille,45.0793,5.7727
Mémoire n°25,Montjean sur Vizille  ,['Bernard mingone'],['Vie locale'],Vizille,45.0793,5.7727
Mémoire n°26,Herbeys dans l'histoire - La complainte du kiosque  ,['Le kiosque'],['Evènements'],Herbeys,45.1112,5.7769
Mémoire n°26,Les problèmes de la route des Hautes-Alpes  ,['Pierre coing boyat'],['Voies de communication'],Jarrie,45.1043,5.7552
Mémoire n°26,Histoire de cloche... à Vizille  ,['Michel vial'],"['Bâtiments et édifices', 'Religions']",Vizille,45.0793,5.7727
Mémoire n°26,Autour de la légende du mmur du château de Vizille  ,['Jean guitton'],['Contes et légendes'],Vizille,45.0793,5.7727
Mémoire n°26,Un hôte de marque à Vizille : Jean Jaurès  ,"['Gérard mingat', 'Pierre coing boyat']","['Personnages remarquables', 'Vie locale']",Vizille,45.0793,5.7727
Mémoire n°27,Assemblé générale des Amis de l'Histoire  ,['Gaby vair'],"[""Vie de l'association""]",Montchaboud,45.0782,5.7687
Mémoire n°27,Contribution à l'histoire de la Libération de Vizille. Le 22 aout 1944  ,['Jean perrin'],"['Grandes périodes', 'Guerres']",Vizille,45.0793,5.7727
Mémoire n°27,Les 4 saisons de Léonce et Renée  ,['Magali roux'],['Activités agricoles'],Jarrie,45.1043,5.7552
Mémoire n°27,VI - Les moulins de Jarrie à travers l'histoire  ,['Pierre coing boyat'],['Activités agricoles'],Jarrie,45.1043,5.7552
Mémoire n°27,Le patronnage Champ - Jarrie  ,"[""Jeanette cheveu d'or""]",['Vie locale'],Jarrie,45.1043,5.7552
Mémoire n°27,Le service postal à Herbeys  ,['Marie-thérèse emery'],"['Vie locale', 'Voies de communication']",Herbeys,45.1112,5.7769
Mémoire n°27,Mon premier poste d'institutrice  ,['Aline pignat'],['Enseignement'],Séchilienne,45.0676,5.8525
Mémoire n°28,Le saut du moine  ,"['Henri jobert', 'Michel vial']",['Contes et légendes'],Jarrie,45.1043,5.7552
Mémoire n°28,Recherches sur la première église de Vizille  ,['Jean-claude michel'],"['Bâtiments et édifices', 'Religions']",Vizille,45.0793,5.7727
Mémoire n°28,VII - Les moulins de Jarrie à travers l'histoire  ,['Pierre coing boyat'],['Activités agricoles'],Jarrie,45.1043,5.7552
Mémoire n°29,Souvenirs personnels de la libération de Vizille  ,['Jean guitton'],"['Grandes périodes', 'Guerres']",Vizille,45.0793,5.7727
Mémoire n°29,L'église de Séchilienne  ,['Michel vial'],"['Bâtiments et édifices', 'Religions']",Séchilienne,45.0676,5.8525
Mémoire n°29,Jarrie et ses montagnes  ,"[""Jeanette cheveu d'or""]","['Lieux du pays vizillois', 'Lieux remarquables']",Jarrie,45.1043,5.7552
Mémoire n°29,Ceux du magnésium  ,['René villiot'],['Activités industrielles'],Jarrie,45.1043,5.7552
Mémoire n°29,La Pauline  ,['Denise -'],['Histoires'],Vizille,45.0793,5.7727
Mémoire n°29,"Le chateau de paille : les habitants passent, le cadre reste  ",['Peter fletcher'],"['Histoires', 'Vie locale']",Vizille,45.0793,5.7727
Mémoire n°29,Lucis Baud (1870 - 1913)  ,['Gérard mingat'],"['Personnages remarquables', 'Vie locale']",Vizille,45.0793,5.7727
Mémoire n°30,Une journée festive et conviviale - 100 ans d'école à Vizille  ,[],"[""Vie de l'association""]",Vizille,45.0793,5.7727
Mémoire n°30,Un cas de rage à Vizille  ,['Pascale beyls'],['Médecine'],Vizille,45.0793,5.7727
Mémoire n°30,Visite du château de Vizille en 1628  ,['Robert aillaud'],['Bâtiments et édifices'],Vizille,45.0793,5.7727
Mémoire n°30,Vizille et ses commerces - 1ère partie de la rue Général De Gaulle  ,[],['Vie locale'],Vizille,45.0793,5.7727
Mémoire n°30,Quatre ans de retard pour la classe  ,[],['Vie locale'],Vizille,45.0793,5.7727
Mémoire n°31,Vizille et ses commerces : la place Stalingrad  ,['Jeannette della-vedova'],['Vie locale'],Vizille,45.0793,5.7727
Mémoire n°31,100 ans d'école à Vizille - Encore des témoignages  ,['Ecole paul langevin'],['Vie locale'],Vizille,45.0793,5.7727
Mémoire n°31,La Fayette à Vizille  ,['Germaine billon'],"['Personnages remarquables', 'Vie locale']",Vizille,45.0793,5.7727
Mémoire n°31,Souvenirs au fil du temps : les usines de l'Alliance et du Tissage  ,['Magali roux'],['Activités industrielles'],Vizille,45.0793,5.7727
Mémoire n°32,Femmes  ,[],['Personnages remarquables'],Herbeys,45.1112,5.7769
Mémoire n°32,Le tragique éboulement du 1er avril 1827 à Séchilienne  ,['Bernard mingone'],['Evènements'],Séchilienne,45.0676,5.8525
Mémoire n°32,Des nouvelles de 1903  ,['Jean perrier'],['Activités industrielles'],Grenoble,45.1885,5.7245
Mémoire n°32,Industries minières et métallurgiques tombées dans l'oubli à Vaulnaveys-le-Bas et à Uriage ,"['B ? bronner', 'Claude bronner']",['Mines et minéralogie'],Uriage,45.1347,5.8239
Mémoire n°32,"L'électrification de Grenoble, un enjeu disputé  ",['Alain romestant'],['Activités industrielles'],Grenoble,45.1885,5.7245
Mémoire n°32,Vizille et ses commerces : un quartier dans la ville  ,['Jeannette della-vedova'],['Vie locale'],Vizille,45.0793,5.7727
Mémoire n°32,100 ans d'école à Vizille - Encore des témoignages  ,['Danielle amar'],['Vie locale'],Vizille,45.0793,5.7727
Mémoire n°32,"Personnages et demeures de Jarrie, Bon Repos et la Valentine au temps des Vaucanson et Benoit Duperier  ",['Pierre coing boyat'],"['Bâtiments et édifices', 'Personnages remarquables']",Jarrie,45.1043,5.7552
Mémoire n°32,Ils auraient 100 ans cette année - classe 1927 de Vizille  ,['Gérard mingat'],"['Personnages remarquables', 'Vie locale']",Vizille,45.0793,5.7727
Mémoire n°33,Des passionnés d'aviation  ,['Alain romestant'],['Vie locale'],Vizille,45.0793,5.7727
Mémoire n°33,Vizille et ses commerces : dernière partie de la rue Général de Gaulle  ,['Jeannette della-vedova'],['Vie locale'],Vizille,45.0793,5.7727
Mémoire n°33,Année 1815 : le retour de Napoléon et son passage à Vizille  ,['Gilbert gacon'],"['Evènements', 'Personnages remarquables']",Vizille,45.0793,5.7727
Mémoire n°33,Les aventures du capitaine Randon en marge du passage de Napoléon à Vizille ,['Robert aillaud'],"['Evènements', 'Personnages remarquables']",Vizille,45.0793,5.7727
Mémoire n°33,Un vizillois Huguenot émigré en Prusse au XVIIe siècle  ,['Gérard mingat'],['Personnages remarquables'],Vizille,45.0793,5.7727
Mémoire n°33,A propos du chevalier Bayard et du chateau d'Uriage  ,['Geneviève dumolard'],['Bâtiments et édifices'],Uriage,45.1347,5.8239
Mémoire n°34,"Vizille : foires, marchés, quinzaines commerciales, braderies  ",['Jeannette della-vedova'],['Vie locale'],Vizille,45.0793,5.7727
Mémoire n°34,Du chateau médiéval au palais du Connétable  ,['Céline laforest'],['Bâtiments et édifices'],Vizille,45.0793,5.7727
Mémoire n°34,Le chateau de Vizille avant la Révolution Française  ,['Céline laforest'],['Bâtiments et édifices'],Vizille,45.0793,5.7727
Mémoire n°34,Fresque de la façade de l'école Jean Jaurès  ,['Yvette bonnaire'],['Vie locale'],Vizille,45.0793,5.7727
Mémoire n°34,Quand la restauration d'objets du patrimoins provoque une cérémonie officielle de l'église catholique ,['Patrice dore'],"['Bâtiments et édifices', 'Religions']",Vizille,45.0793,5.7727
Mémoire n°35,"La ferme ""présidentielle"" du chateau de Vizille  ",['Danielle amar'],['Bâtiments et édifices'],Vizille,45.0793,5.7727
Mémoire n°35,"Vizille et ses commerces - Les rues : Casimir. Périer, de la République, Sadi Carnot  ",['Jeannette della-vedova'],['Vie locale'],Vizille,45.0793,5.7727
Mémoire n°35,I - Le parc du chateau du roi  ,['Denis bellon'],['Bâtiments et édifices'],Vizille,45.0793,5.7727
Mémoire n°35,Le chateau des Simianes à Haute-Jarrie  ,['Pierre coing boyat'],['Bâtiments et édifices'],Jarrie,45.1043,5.7552
Mémoire n°35,"Souvenirs de Georges Vivier : un ""personnage"", une ""figure"" humaniste  ",['Pierre coing boyat'],['Personnages remarquables'],Jarrie,45.1043,5.7552
Mémoire n°36,Un courroux... magistral  ,['Paul kiener'],['Vie locale'],Vizille,45.0793,5.7727
Mémoire n°36,La méridienne du bar de la Paix  ,['Denis bellon'],['Bâtiments et édifices'],Vizille,45.0793,5.7727
Mémoire n°36,Hercule de retour à Vizille  ,['Robert aillaud'],['Bâtiments et édifices'],Vizille,45.0793,5.7727
Mémoire n°36,"Vizille, les maisons de l'abbé Pierre  ",['Jeannette della-vedova'],['Vie locale'],Vizille,45.0793,5.7727
Mémoire n°36,Curiosités de nos archives communales - Jarrie  ,['Pierre coing boyat'],['Documents remarquables'],Jarrie,45.1043,5.7552
Mémoire n°37,Le patrimoine vizillois  ,['Robert aillaud'],['Bâtiments et édifices'],Vizille,45.0793,5.7727
Mémoire n°37,Brié et ses environs en 1922 : promenade d'automne autour des 4 Seigneurs ,['J. vaujany'],['Vie locale'],Herbeys,45.1112,5.7769
Mémoire n°37,Canal de navigation ou chemin de fer entre Grenoble et Vizille - Rêves et réalité  ,['Alain romestant'],"['Canaux et fontaines', 'Eau', 'Rivières', 'Voies de communication']",Vizille,45.0793,5.7727
Mémoire n°37,Vizille et ses commerces : La rue Aristide Briand (rue d'Italie)  ,['Jeannette della-vedova'],['Vie locale'],Vizille,45.0793,5.7727
Mémoire n°37,II - Le parc du vieux château du roi  ,['Denis bellon'],['Bâtiments et édifices'],Vizille,45.0793,5.7727
Mémoire n°37,L'auto-école il y a 40 ans  ,['Robert guillaud'],['Vie locale'],Vizille,45.0793,5.7727
Mémoire n°37,Une très jeune dame de 100 ans  ,['Renée gachet berthon'],['Personnages remarquables'],Vizille,45.0793,5.7727
Mémoire n°37,Le petit musée de la coiffure  ,['Jeannette della-vedova'],['Vie locale'],Vizille,45.0793,5.7727
Mémoire n°38,Adrienne  ,['Robert aillaud'],['Personnages remarquables'],Jarrie,45.1043,5.7552
Mémoire n°38,Vizille et ses comerces : la boucherie Cret - 1908 à 1979 -1ère partie de la rue Jean Jaurès ,['Jeannette della-vedova'],['Vie locale'],Vizille,45.0793,5.7727
Mémoire n°38,Vizille et ses commerces : La rue Aristide Briand (rue d'Italie) - 2ème partie  ,['Jeannette della-vedova'],['Vie locale'],Vizille,45.0793,5.7727
Mémoire n°38,L'histoire dans les archives - Le fonds Jouvin - Carnet du Sieur Corréard  ,['Pierre coing boyat'],['Documents remarquables'],Jarrie,45.1043,5.7552
Mémoire n°38,L'alambic de la Gaffe  ,['Renée rodolphe vigroux'],['Vie locale'],Vizille,45.0793,5.7727
Mémoire n°38,Le chateau de paille dans les années 50  ,['Michèle ferrafiat delahaye'],['Vie locale'],Vizille,45.0793,5.7727
Mémoire n°38,Histoires d'eaux au château de Paille  ,['Denis bellon'],"['Canaux et fontaines', 'Eau', 'Rivières']",Vizille,45.0793,5.7727
Mémoire n°38,Ozias Féronce : un grand astronome vizillois méconnu  ,['Robert aillaud'],['Personnages remarquables'],Vizille,45.0793,5.7727
Mémoire n°38,Attention... aux excès de vitesse !  ,['Bernard mingone'],['Documents remarquables'],Séchilienne,45.0676,5.8525
Mémoire n°39,Histoire de la Poste (1e partie) à Vizille  ,['Paul fournier'],"['Vie locale', 'Voies de communication']",Vizille,45.0793,5.7727
Mémoire n°39,Le secret d'Hercule - Conte de Noël  ,['Jeannette della-vedova'],['Contes et légendes'],Vizille,45.0793,5.7727
Mémoire n°39,Un ouvrage sur le château de Bon Repos  ,[],['Bâtiments et édifices'],Jarrie,45.1043,5.7552
Mémoire n°39,L'histoire dans les archives (suite)  ,['Pierre coing boyat'],['Documents remarquables'],Jarrie,45.1043,5.7552
Mémoire n°39,Les cavalcades à Vizille (1e partie)  ,['Danielle amar'],['Evènements'],Vizille,45.0793,5.7727
Mémoire n°39,"1310 - 2010, déjà 700 ans! Les libertés communales de Vizille  ",['Denis bellon'],['Documents remarquables'],Vizille,45.0793,5.7727
Mémoire n°41,Témoignage de Micheline Hauss  ,['Micheline hauss'],['Personnages remarquables'],Vizille,45.0793,5.7727
Mémoire n°41,Histoire de la Poste (2e partie)  ,['Paul fournier'],['Vie locale'],Vizille,45.0793,5.7727
Mémoire n°41,Les cavalcades à Vizille (2e partie)  ,['Danielle amar'],['Evènements'],Vizille,45.0793,5.7727
Mémoire n°41,Historique de la maison Chamoux  ,['? chamoux'],['Vie locale'],Vizille,45.0793,5.7727
Mémoire n°41,Vizille et ses commerces : la rue Jean Jaurès (suite)  ,['Jeannette della-vedova'],['Vie locale'],Vizille,45.0793,5.7727
Mémoire n°41,La tradition de Guignol à Uriage  ,['Charles paillet'],['Evènements'],Uriage,45.1347,5.8239
Mémoire n°41,Notre-Dame-de-Jarrie  ,['Pierre coing boyat'],['Vie locale'],Jarrie,45.1043,5.7552
Mémoire n°41,Berthe Vial  ,['Yves vial'],['Personnages remarquables'],Vizille,45.0793,5.7727
Mémoire n°41,"Le fils d'Ozias Féronce, l'astronome vizillois  ",['Robert aillaud'],['Personnages remarquables'],Vizille,45.0793,5.7727
Mémoire n°42,Le cimetière de Vizille  ,['Daniel blanc-gonnet'],['Bâtiments et édifices'],Vizille,45.0793,5.7727
Mémoire n°42,Le monument aux morts de Vizille  ,['Denis bellon'],['Bâtiments et édifices'],Vizille,45.0793,5.7727
Mémoire n°42,"Les Jeux Olympiques modernes, une invention Grenobloise  ","['Alain romestant', 'Gérard mingat']",['Evènements'],Grenoble,45.1885,5.7245
Mémoire n°42,Repas de fête  ,['Paul wohlschlegel'],['Vie locale'],Vizille,45.0793,5.7727
Mémoire n°42,Notre-Dame-de-Jarrie (2e partie)  ,['Pierre coing boyat'],['Vie locale'],Jarrie,45.1043,5.7552
Mémoire n°42,Le Lac Mort de Laffrey à Saint-Barthélémy-de-Séchilienne  ,['Alain romestant'],"['Activités industrielles', 'Vie locale']",Séchilienne,45.0676,5.8525
Mémoire n°42,Mon premier travail...  ,['Marie del net'],['Vie locale'],Vizille,45.0793,5.7727
Mémoire n°42,Curiosité  ,['Paul fournier'],['Documents remarquables'],Vizille,45.0793,5.7727
Mémoire n°42,Histoire de la Poste à Vizille (3e partie)  ,['Paul fournier'],['Vie locale'],Vizille,45.0793,5.7727
Mémoire n°42,Cavalcades organisées par le Comité du sou des écoles (3e partie)  ,['Danielle amar'],['Evènements'],Vizille,45.0793,5.7727
Mémoire n°42,Parcours d'un Français libre  ,['Gwénaëlle leyssieux'],['Personnages remarquables'],Vizille,45.0793,5.7727
Mémoire n°42,La vie de l'association  ,['Denis bellon'],['Actualités'],Vizille,45.0793,5.7727
Mémoire n°43,Avis de recherche  ,[],['Evènements'],Vizille,45.0793,5.7727
Mémoire n°43,Les orgues historiques de Vizille  ,['Denis bellon'],"['Bâtiments et édifices', 'Musique']",Vizille,45.0793,5.7727
Mémoire n°43,La chapelle des Angonnes en 1867  ,['Patrice dore'],"['Bâtiments et édifices', 'Religions']",Vizille,45.0793,5.7727
Mémoire n°43,Les fêtes de Jarrie en 1867  ,['Pierre coing boyat'],['Vie locale'],Jarrie,45.1043,5.7552
Mémoire n°43,"L'incroyable vie de Charles d'Albigny, seigneur de Séchilienne  ",['Robert aillaud'],['Personnages remarquables'],Séchilienne,45.0676,5.8525
Mémoire n°43,Nomination d'un garde champêtre à Vizille  ,['Paul fournier'],['Evènements'],Vizille,45.0793,5.7727
Mémoire n°43,Les champignons  ,['Jeannette della-vedova'],['Vie locale'],Vizille,45.0793,5.7727
Mémoire n°43,La société mycologique de Vizille  ,"['Jacques boffo', 'Jeannette della-vedova']",['Vie locale'],Vizille,45.0793,5.7727
Mémoire n°43,La tombe de la famille Du Terrail-Couvat dans l'ancien cimetière de Vizille  ,['Daniel blanc-gonnet'],['Personnages remarquables'],Vizille,45.0793,5.7727
Mémoire n°44,Michelle Perrot : sur les traces de Lucie Baud  ,['Michèle perrot'],['Personnages remarquables'],Vizille,45.0793,5.7727
Mémoire n°44,Témoignage de Lucie Baud  ,['Lucie baud'],['Personnages remarquables'],Vizille,45.0793,5.7727
Mémoire n°44,L'histoire de l'Alliance Textile  ,['Denis bellon'],['Activités industrielles'],Vizille,45.0793,5.7727
Mémoire n°44,Un carré de soie représentant le château de Vizille  ,['Raymond platel'],['Divers'],Vizille,45.0793,5.7727
Mémoire n°44,Une autre vision peu flatteuse de Vizille en 1882  ,['Paul fournier'],['Documents remarquables'],Vizille,45.0793,5.7727
Mémoire n°44,Une résistante vizilloise à l'honneur  ,['Renée gachet berthon'],['Personnages remarquables'],Vizille,45.0793,5.7727
Mémoire n°44,Adolphe Grimaldi  ,['Gérard mingat'],['Personnages remarquables'],Vizille,45.0793,5.7727
Mémoire n°44,La maison Allard au Louvaroux  ,['Pierre coing boyat'],[],Jarrie,45.1043,5.7552
Mémoire n°44,Reculement de la Grande Rue à Vizille en 1893  ,"['Gérard berthon', 'Renée gachet berthon']",['Vie locale'],Vizille,45.0793,5.7727
Mémoire n°44,Le symbolisme dans le cimetière de Vizille  ,['Daniel blanc-gonnet'],[],Vizille,45.0793,5.7727
Mémoire n°44,La vie de l'association  ,[],['Actualités'],Vizille,45.0793,5.7727
Mémoire n°45,Bain de jouvence pour le château de Vizille  ,['Paul wohlschlegel'],[],Vizille,45.0793,5.7727
Mémoire n°45,"Lesdiguières, le renard des montagnes  ",['Denis bellon'],['Personnages remarquables'],Vizille,45.0793,5.7727
Mémoire n°45,L'évêque de Grenoble se suicide dans son château d'Herbeys  ,['Gilbert gacon'],['Evènements'],Herbeys,45.1112,5.7769
Mémoire n°45,Souvenir... souvenir... Les Jeux Olympiques de Grenoble en 1968 ,['Henri girardy'],['Evènements'],Grenoble,45.1885,5.7245
Mémoire n°45,Une tentative d'incendie à Vizille  ,['Pascale beyls'],['Evènements'],Vizille,45.0793,5.7727
Mémoire n°45,"L'association des ""Amis de l'orgue de Vizille"" est née  ",['Denis bellon'],['Vie locale'],Vizille,45.0793,5.7727
Mémoire n°45,Vizille et ses commerces : la rue Jean Jaurès (3ème et dernière partie) ,['Jeannette della-vedova'],['Vie locale'],Vizille,45.0793,5.7727
Mémoire n°45,"Vizille, ville d'eau  ",['Gérard berthon'],['Vie locale'],Vizille,45.0793,5.7727
Mémoire n°45,La maison d'Hugues-Allerme au Louvaroux  ,['Pierre coing boyat'],[],Jarrie,45.1043,5.7552
Mémoire n°45,Le cimetière de Vizille  ,['Pierre raymond bonnardon'],[],Vizille,45.0793,5.7727
Mémoire n°45,Le symbolisme dans le cimetière de Vizille (suite)  ,['Daniel blanc-gonnet'],[],Vizille,45.0793,5.7727
Mémoire n°46,Jean Métral raconte  ,['Jean metral'],['Vie locale'],Vizille,45.0793,5.7727
Mémoire n°46,Les Etats Généraux de la Résistance à Vizille  ,['Denis bellon'],['Evènements'],Vizille,45.0793,5.7727
Mémoire n°46,Circonstances du sauvetage et recherches  ,['Jacqueline szister-bismuth'],['Evènements'],Vizille,45.0793,5.7727
Mémoire n°46,Le sous-lieutenant Joseph Auguste Floxoli  ,['Alain floxoli'],['Personnages remarquables'],Vizille,45.0793,5.7727
Mémoire n°46,Quelques heures avant la Libération  ,['Cécile riviere'],['Evènements'],Vizille,45.0793,5.7727
Mémoire n°46,Ils venaient d'avoir 18 ans... Les conscrits  ,['Jeannette della-vedova'],['Personnages remarquables'],Vizille,45.0793,5.7727
Mémoire n°47,"Albert Lebrun, le dernier Président de la IIIe République  ",['Eric freysselinard'],['Personnages remarquables'],Vizille,45.0793,5.7727
Mémoire n°47,A travers la presse régionale et nationale  ,"[""Collectif - les amis de l'histoire""]",['Personnages remarquables'],Vizille,45.0793,5.7727
Mémoire n°47,L'orgue de Vizille  ,['Denis bellon'],['Vie locale'],Vizille,45.0793,5.7727
Mémoire n°47,"Aimé Guille, portrait d'un résistant  ","['Denis bellon', 'Gilbert gacon']",['Personnages remarquables'],Vizille,45.0793,5.7727
Mémoire n°47,Yvonne Bonthoux et Jean-Marcel Champon  ,['Dominique rossi'],['Personnages remarquables'],Vizille,45.0793,5.7727
Mémoire n°47,Ma rencontre avec Pierre Draï  ,['Jeannette della-vedova'],['Personnages remarquables'],Vizille,45.0793,5.7727
Mémoire n°47,Le château de Vizille efface les traces de ses blessures  ,[],['Vie locale'],Vizille,45.0793,5.7727
Mémoire n°47,Groupes-francs contre les Forces de l'Ordre dans l'Isère  ,[],['Vie locale'],Vizille,45.0793,5.7727
Mémoire n°47,"André Morel, mon voisin de palier  ",['Alain romestant'],['Personnages remarquables'],Grenoble,45.1885,5.7245
Mémoire n°47,La grande guerre de 1914-1918 - Vizille et ses soldats décédés en 1914  ,['Daniel blanc-gonnet'],"['Guerres', 'Vie locale']",Vizille,45.0793,5.7727
Mémoire n°47,La guerre 14/18 et l'utilisation des gaz de combat  ,['Gilbert gacon'],['Evènements'],Jarrie,45.1043,5.7552
Mémoire n°47,Les belles années des corsos à Vizille - 1971/1997  ,['Jeannette della-vedova'],['Vie locale'],Vizille,45.0793,5.7727
Mémoire n°48,Alexandre Debelle  ,['Denis bellon'],['Personnages remarquables'],Grenoble,45.1885,5.7245
Mémoire n°48,Vizille a toujours été fidèle à l'Empereur et à sa descendance  ,['Paul fournier'],['Vie locale'],Vizille,45.0793,5.7727
Mémoire n°48,La grande guerre de 1914-1918 - Vizille et ses soldats décédés entre le 1er janvier et le 30 juin 1915  ,"['Daniel blanc-gonnet', 'Marie-claude argoud']","['Guerres', 'Vie locale']",Vizille,45.0793,5.7727
Mémoire n°48,Uriage-les-Bains - Hôpital militaire complémentaire n°42 (1914-1919)  ,['Charles paillet'],['Vie locale'],Uriage,45.1347,5.8239
Mémoire n°48,Les belles années des corsos à Vizille - les années 80 (suite)  ,['Jeannette della-vedova'],['Vie locale'],Vizille,45.0793,5.7727
Mémoire n°49,la SAMA Société Anonyme des Meles artificielles  ,['Denis bellon'],['Activités industrielles'],Vizille,45.0793,5.7727
Mémoire n°49,Souvenirs au fil des saisons  ,['Marie del net'],"['Souvenirs', 'Vie locale']",Vizille,45.0793,5.7727
Mémoire n°49,La Grande Guerre de 1914-1918 : Vizille et ses soldats décédés entre le 1er juillet et le 31 décembre 1915  ,"['Daniel blanc-gonnet', 'Marie-claude argoud']",['Guerres'],Vizille,45.0793,5.7727
Mémoire n°49,Les quatrièmes grand rendez-vous de l'histoire du Pays Vizillois : mai/juin 2016 ,['Denis bellon'],"[""Vie de l'association""]",Vizille,45.0793,5.7727
Mémoire n°49,L'hôpital temporaire de La Valentine  ,['Pierre coing boyat'],"['Guerres', 'Médecine']",Jarrie,45.1043,5.7552
Mémoire n°49,Vizille et sa piscine  ,['Danielle amar'],"['Bâtiments et édifices', 'Sport', 'Vie locale']",Vizille,45.0793,5.7727
Mémoire n°49,Le centre d'apprentissage de Vizille  ,['Pierre draï'],"['Enseignement', 'Souvenirs']",Vizille,45.0793,5.7727
Mémoire n°49,Les eaux d'Uriage : des Thermes romains à l'entreprise industrielle : 2000 ans d'histoire  ,['Charles paillet'],"['Canaux et fontaines', 'Eau', 'Rivières']",Uriage,45.1347,5.8239
Mémoire n°49,Histoire courte des cordiers de Vizille  ,['Patrice dore'],['Activités artisanales'],Vizille,45.0793,5.7727
Mémoire n°49,Raoul Naz  ,['Raoul naz'],"['Personnages remarquables', 'Religions']",Vizille,45.0793,5.7727
Mémoire n°49,L'orgue de Vizille  ,['Raoul naz'],['Religions'],Vizille,45.0793,5.7727
Mémoire n°49,"1799, l'exode du Pape Pie VI et son passage à Vizille  ",['Gilbert gacon'],['Religions'],Vizille,45.0793,5.7727
Mémoire n°49,Les belles années des corsos ; les années 1990  ,['Jeannette della-vedova'],['Vie locale'],Vizille,45.0793,5.7727
Mémoire n°49,"Vizille et ses commerces: Désiré Trouillon, marchand de vin  ",['Pierre trouillon'],['Activités commerçantes'],Vizille,45.0793,5.7727
Mémoire n°49,La page des poètes : Moi Connétable  ,['Pierre fiat'],"['Arts', 'Personnages remarquables']",Vizille,45.0793,5.7727
Mémoire n°49,Une des trois grandes usines de tissage de Vizille  ,[],['Activités industrielles'],Vizille,45.0793,5.7727
Mémoire n°49,La page des jeux  ,['Pierre fiat'],['Divers'],Vizille,45.0793,5.7727
Mémoire n°50,Morts pour la France  ,['Denis bellon'],['Guerres'],Vizille,45.0793,5.7727
Mémoire n°50,Compte rendu de la mobilisation à Vizille (1er août 1914)  ,['Denis bellon'],['Guerres'],Vizille,45.0793,5.7727
Mémoire n°50,La grande guerre de 1914-1918 . Vizille et ses soldats décédés entre le 1er janvier et le 30 juin 1906  ,['Marie-claude argoud'],['Guerres'],Vizille,45.0793,5.7727
Mémoire n°50,François-Joseph Durand mort pour la France  ,['Denis bellon'],['Guerres'],Vizille,45.0793,5.7727
Mémoire n°50,Gabriel Fiat Carnets de guerre - 1914-1918  ,['Gabriel fiat'],"['Guerres', 'Souvenirs']",Séchilienne,45.0676,5.8525
Mémoire n°50,M. l'abbé Biard  ,['Transcription'],"['Guerres', 'Souvenirs', 'Théâtre']",Vizille,45.0793,5.7727
Mémoire n°50,"L'histoire des Clavel, bourreliers à Vizille, place du château  ",['Marie-claude argoud'],"['Activités artisanales', 'Activités commerçantes', 'Vie locale']",Vizille,45.0793,5.7727
Mémoire n°50,"Vizille et ses commerces ; Place de la Libération, Place du château 1ère partie ",['Jeannette della-vedova'],"['Activités commerçantes', 'Vie locale']",Vizille,45.0793,5.7727
Mémoire n°50,Elles se souviennent et elles racontent  ,['Yvette bonnaire'],['Vie locale'],Vizille,45.0793,5.7727
Mémoire n°50,"Hier, le chemin de fer  ",['Aliette viard'],"['Lieux du pays vizillois', 'Voies de communication']",Jarrie,45.1043,5.7552
Mémoire n°50,"Hier, le chemin de fer  ",['Aliette viard'],"['Lieux du pays vizillois', 'Voies de communication']",Vizille,45.0793,5.7727
Mémoire n°50,Mon premier club sportif  ,['Pierre martin'],"['Sport', 'Vie locale']",Vizille,45.0793,5.7727
Mémoire n°51,Mémoires ouvrières - Le spectacle - La compagnie Partage  ,['Pierrette tournier'],['Théâtre'],Vizille,45.0793,5.7727
Mémoire n°51,Les industries de Vizille  ,['Denis bellon'],['Activités industrielles'],Vizille,45.0793,5.7727
Mémoire n°51,Brèves d'archives - Pour le renom de la ville: la propreté  ,['Paul fournier'],['Vie locale'],Vizille,45.0793,5.7727
Mémoire n°51,La grande guerre de 1914-1918 - Vizille et ses soldats décédés entre le 1er juillet et le 31 décembre 1916  ,['Marie-claude argoud'],['Guerres'],Vizille,45.0793,5.7727
Mémoire n°51,Transports Paul Vallet  ,['Alain romestant'],['Activités industrielles'],Vizille,45.0793,5.7727
Mémoire n°51,Vizille et ses commerces - Place de la Libération/Place du Château - 2ème partie  ,['Jeannette della-vedova'],['Activités commerçantes'],Vizille,45.0793,5.7727
Mémoire n°51,Les quatrièmes grands rendez-vous de l'histoire du Pays Vizillois  ,['Denis bellon'],['Guerres'],Vizille,45.0793,5.7727
Mémoire n°51,Inauguration de l'orgue de Vizille le dimanche 26 novembre 1899  ,['Daniel blanc-gonnet'],"['Musique', 'Religions', 'Vie locale']",Vizille,45.0793,5.7727
Mémoire n°51,Le protonotaire et le curé de Vizille  ,['Denis bellon'],['Religions'],Vizille,45.0793,5.7727
Mémoire n°51,L'orgue de Vizille  ,['Transcription'],"['Musique', 'Vie locale']",Vizille,45.0793,5.7727
Mémoire n°52,"Guy Delahaye , photographe  ",['Denis bellon'],['Personnages remarquables'],Vizille,45.0793,5.7727
Mémoire n°52,"2017,Année Lesdiguières  ",['Denis bellon'],['Edito'],Vizille,45.0793,5.7727
Mémoire n°52,Vizille et le festival 1973/ 1988 ; Le Diable et le Capitaine -1983  ,"['Jeannette della-vedova', 'Robert aillaud']",['Théâtre'],Vizille,45.0793,5.7727
Mémoire n°52,A la rencontre de François de Bonne  ,['Pierrette tournier'],['Personnages remarquables'],Vizille,45.0793,5.7727
Mémoire n°52,Marie Vignon seconde femme du connétable  ,['Marie-claude argoud'],['Personnages remarquables'],Vizille,45.0793,5.7727
Mémoire n°52,Les ancêtres de Lesdiguières  ,['Jeannette della-vedova'],['Personnages remarquables'],Vizille,45.0793,5.7727
Mémoire n°52,"Chronologie de la vie de François de Bonne, Duc de Lesdiguières  ",['Marie-claude argoud'],['Personnages remarquables'],Vizille,45.0793,5.7727
Mémoire n°52,Une épouvantable défaite-1587 : la bataille de Jarrie vue du côté suisse  ,['Guy le comte'],['Guerres'],Jarrie,45.1043,5.7552
Mémoire n°52,"Les enfants et notre patrimoine : le Château, les arts  ",['Jocelyne bellon'],['Enseignement'],Vizille,45.0793,5.7727
Mémoire n°52,La Grande Guerre de 1914-1918 : Vizille et ses soldats décédés entre le 1er Janvier et le 30 juin 1917  ,['Marie-claude argoud'],"['Guerres', 'Vie locale']",Vizille,45.0793,5.7727
Mémoire n°52,Notre chère Annie  ,['Pierre coing boyat'],"[""Vie de l'association""]",Vizille,45.0793,5.7727
Mémoire n°52,Vizille et ses commerces : Place de la Libération / Place du Château - 3ème partie ,['Jeannette della-vedova'],"['Activités commerçantes', 'Vie locale']",Vizille,45.0793,5.7727
Mémoire n°52,Les pages des jeux : Lesdiguières  ,['Pierre fiat'],['Divers'],Vizille,45.0793,5.7727
Mémoire n°52,Un orgue historique à restaurer  ,['Daniel blanc-gonnet'],[],Vizille,45.0793,5.7727
Mémoire n°53,"La musique à Vizille depuis 1873 -1ère partie : La fanfare de Vizille ou ""La Vizilloise"" - 1873/1982  ",['Jeannette della-vedova'],"['Musique', 'Vie locale']",Vizille,45.0793,5.7727
Mémoire n°53,Séraphin Guimet  ,['Denis bellon'],"['Personnages remarquables', 'Vie locale']",Vizille,45.0793,5.7727
Mémoire n°53,Les groupes musicaux  ,"['Denis bellon', 'Georges martin']","['Musique', 'Vie locale']",Vizille,45.0793,5.7727
Mémoire n°53,L'art vivant - La danse : Jean-Claude Gallotta  ,['Denis bellon'],"['Arts', 'Danse', 'Vie locale']",Vizille,45.0793,5.7727
Mémoire n°53,"Daise , Guy Desarmagnat  ",['Denis bellon'],['Arts'],Vizille,45.0793,5.7727
Mémoire n°53,Enquête sur les tribulations d'un meuble d'église  ,['Michel merlin'],"['Arts', 'Religions']",Jarrie,45.1043,5.7552
Mémoire n°53,Un regard artistique sur le patrimoine industriel local par L'Artelier d'Uriage  ,['André rossi'],"['Arts', 'Vie locale']",Uriage,45.1347,5.8239
Mémoire n°53,L'Ecole Nationale Professionnelle de jeunes filles de Vizille - l'ENP  ,['Pierre fiat'],"['Arts', 'Bâtiments et édifices', 'Enseignement']",Vizille,45.0793,5.7727
Mémoire n°53,La BD Jojo de la Gaffe  ,['Georges martin'],"['Arts', 'Souvenirs', 'Vie locale']",Vizille,45.0793,5.7727
Mémoire n°53,Les portes du Château de Vizille  ,['Pierre fiat'],['Bâtiments et édifices'],Vizille,45.0793,5.7727
Mémoire n°53,Uriage : la fontaine de la déesse Hygie  ,['Denis bellon'],"['Arts', 'Canaux et fontaines', 'Eau', 'Rivières']",Uriage,45.1347,5.8239
Mémoire n°53,La Grande Guerre de 1914-1918 : Vizille et ses soldats décédés entre le 1er juillet et le31 décembre 1917  ,['Marie-claude argoud'],['Guerres'],Vizille,45.0793,5.7727
Mémoire n°53,Une page de l'histoire se tourne...L'hôpital-hospice  ,['Marie-claude argoud'],['Vie locale'],Vizille,45.0793,5.7727
Mémoire n°53,Vizille et ses commerces : Place de la Libération - 4ème partie  ,['Jeannette della-vedova'],"['Activités commerçantes', 'Vie locale']",Vizille,45.0793,5.7727
Mémoire n°54,Les retours et la reconstruction  ,['Denis bellon'],"['Grandes périodes', 'Histoires']",Vizille,45.0793,5.7727
Mémoire n°54,Le général Regard de la Grande Guerre à la Résistance  ,['Jacques gasqui'],"['Guerres', 'Histoires', 'Montagne', 'Personnages remarquables', 'Récits']",Grenoble,45.1885,5.7245
Mémoire n°54,"Centenaire de la mort de Serge Basset, homme de lettres, auteur dramatique et journaliste français  ",['Charles paillet'],"['Guerres', 'Histoires', 'Littérature', 'Récits']",Grenoble,45.1885,5.7245
Mémoire n°54,"Centenaire de la mort de Serge Basset, homme de lettres, auteur dramatique et journaliste français  ",['Charles paillet'],"['Guerres', 'Histoires', 'Littérature', 'Récits']",Uriage,45.1347,5.8239
Mémoire n°54,Victor Chambe 1896-1965  ,['Jeannette della-vedova'],"['Divers', 'Guerres', 'Récits', 'Souvenirs']",Vizille,45.0793,5.7727
Mémoire n°54,Une famille qui a failli disparaître dans la tourmente de la pere guerre mondiale  ,"['Jacques gasqui', 'Marc masimbert']",['Guerres'],Vizille,45.0793,5.7727
Mémoire n°54,Les cérémonies du souvenir en Days Vizillois  ,['Denis bellon'],"['Guerres', 'Histoires', 'Traditions']",Vizille,45.0793,5.7727
Mémoire n°54,La grande guerre de 1914-1918 Vizille et ses soldats décédés entre le 1*' janvier et le 30 juin 1918  ,['Marie-claude argoud'],"['Guerres', 'Histoires']",Vizille,45.0793,5.7727
Mémoire n°54,L'épopée du ski jarrois - père partie - 1947/1968  ,['Claudie picot'],['Sport'],Jarrie,45.1043,5.7552
Mémoire n°54,De la Vizilloise à l'Harmonie de Vizille - 2° partie - 1983-2017  ,['Jeannette della-vedova'],"['Musique', 'Souvenirs', 'Vie locale']",Vizille,45.0793,5.7727
Mémoire n°55,La pisciculture du Château de Vizile  ,['Danielle amar'],"['Activités agricoles', 'Activités artisanales', 'Activités commerçantes', 'Canaux et fontaines', 'Eau', 'Lieux remarquables', 'Rivières']",Vizille,45.0793,5.7727
Mémoire n°55,"Une vie au... Parc des Princes ; La ferme prince à FontReygner, hameau de Saint jean de Vaux  ",['Denis bellon'],"['Activités agricoles', 'Lieux remarquables', 'Souvenirs']",Vizille,45.0793,5.7727
Mémoire n°55,L'été 1944 au Péage-de-Vizile André raconte  ,['André finet'],"['Guerres', 'Récits', 'Souvenirs', 'Vie locale']",Vizille,45.0793,5.7727
Mémoire n°55,Les femmes dans la guerre de 1914 à 1918  ,['Marie-claude argoud'],"['Activités industrielles', 'Grandes périodes', 'Guerres', 'Récits', 'Vie locale']",Vizille,45.0793,5.7727
Mémoire n°55,Joseph et François Baldacci  ,['Jeannette della-vedova'],"['Guerres', 'Récits', 'Vie locale']",Vizille,45.0793,5.7727
Mémoire n°55,La grande guerre de 1914-1918 Viille et ses soldats décédés entre le 1* juillet et le 31 décembre 1918  ,['Marie-claude argoud'],"['Guerres', 'Souvenirs']",Vizille,45.0793,5.7727
Mémoire n°55,Les anciennes routes du Pays Vizilois  ,['Pierre fiat'],"['Histoires', 'Transports', 'Voies de communication']",Uriage,45.1347,5.8239
Mémoire n°55,Les anciennes routes du Pays Vizilois  ,['Pierre fiat'],"['Histoires', 'Transports', 'Voies de communication']",Vizille,45.0793,5.7727
Mémoire n°55,• L'épopée du ski jarrois - 2° partie - 1969/2017  ,['Claudie picot'],"['Souvenirs', 'Sport', 'Vie locale']",Jarrie,45.1043,5.7552
Mémoire n°55,•La « Samba Parade » de 2006 à Vizille  ,"['Jean danz', 'Jeannette della-vedova']","['Evènements', 'Souvenirs', 'Vie locale']",Vizille,45.0793,5.7727
Mémoire n°55,• Un passé bien antérieur ! Coupe de bois à Jarrie en 1743 ,['Pierre coing boyat'],"['Activités artisanales', 'Histoires', 'Récits']",Jarrie,45.1043,5.7552
Mémoire n°55,Moi collectionneur  ,['Marc robert'],"['Divers', 'Vie locale']",Vizille,45.0793,5.7727
Mémoire n°55,Une liqueur oubliée La «Benoîte d'Uriage »  ,['Pierre fiat'],"['Activités artisanales', 'Souvenirs']",Uriage,45.1347,5.8239
Mémoire n°55,Une liqueur oubliée La «Benoîte d'Uriage »  ,['Pierre fiat'],"['Activités artisanales', 'Souvenirs']",Vizille,45.0793,5.7727
Mémoire n°56,Germaine et Louis Vallier Résistants  ,['Dominique rossi'],"['Guerres', 'Histoires', 'Personnages remarquables', 'Récits']",Vizille,45.0793,5.7727
Mémoire n°56,Jean-Marcel Champon Résistant  ,['Dominique rossi'],"['Guerres', 'Histoires', 'Personnages remarquables']",Vizille,45.0793,5.7727
Mémoire n°56,/Users/michelt/Pictures/Photothèque.photoslibrary/originals/0/02DF1CB0-B94D-4170-A15F-41A54515EAB3.png  ,['Dominique rossi'],"['Guerres', 'Histoires', 'Personnages remarquables', 'Récits']",Vizille,45.0793,5.7727
Mémoire n°56,Parcours d'un Résistant sans frontière Ces étrangers qui ont fait la France (Dominique Rossi)  ,['Dominique rossi'],"['Guerres', 'Histoires', 'Personnages remarquables']",Vizille,45.0793,5.7727
Mémoire n°56,La famille Marangoni - Une triste histoire ()  ,['Jeannette della-vedova'],"['Guerres', 'Histoires', 'Personnages remarquables', 'Récits']",Vizille,45.0793,5.7727
Mémoire n°56,Renée et André Berthon se souviennent ()  ,['Jeannette della-vedova'],"['Guerres', 'Histoires', 'Récits']",Vizille,45.0793,5.7727
Mémoire n°56,Des représentations d'animaux dans le Pays Vizillois ()  ,['Annie achard'],"['Arts', 'Lieux remarquables', 'Patrimoine']",Vizille,45.0793,5.7727
Mémoire n°56,Catalogue 2019  ,[],"[""Vie de l'association""]",Vizille,45.0793,5.7727
Mémoire n°56,D'où vient le mot Jarrie et que veut-il dire ? ()  ,['Pierre coing boyat'],['Toponymie'],Jarrie,45.1043,5.7552
Mémoire n°56,Des Vizillois oubliés ()  ,['Pierre fiat'],"['Personnages remarquables', 'Souvenirs']",Vizille,45.0793,5.7727
Mémoire n°56,Le train de la Romanche ()  ,['Jean-louis philip'],"['Activités industrielles', 'Technologies', 'Transports', 'Voies de communication']",Vizille,45.0793,5.7727
Mémoire n°56,Herbeys - Chemins d'hier et d'aujourd'hui ()  ,"[""Danièle prud'homme""]",['Voies de communication'],Herbeys,45.1112,5.7769
Mémoire n°56,Un espace culturel Paul Bernard à Jarrie ()  ,['Denis bellon'],"['Personnages remarquables', 'Religions', 'Récits', 'Souvenirs', 'Vie locale']",Jarrie,45.1043,5.7552
Mémoire n°56,Un espace culturel Paul Bernard à Jarrie ()  ,['Denis bellon'],"['Personnages remarquables', 'Religions', 'Récits', 'Souvenirs', 'Vie locale']",Vizille,45.0793,5.7727
Mémoire n°57,14 septembre 1219: les jours d'après à Vizille  ,['Georges martin'],"['Canaux et fontaines', 'Eau', 'Evènements', 'Rivières']",Vizille,45.0793,5.7727
Mémoire n°57,Le lavoir de la Paute  ,['Denis bellon'],"['Canaux et fontaines', 'Eau', 'Rivières', 'Vie locale']",Vizille,45.0793,5.7727
Mémoire n°57,L'épisode de « la noyade » de Vizille  ,['Pascale beyls'],"['Histoires', 'Littérature', 'Personnages remarquables']",Vizille,45.0793,5.7727
Mémoire n°57,Le Lac de Haute-Jarrie et les sècheresses  ,['Pierre coing boyat'],"['Canaux et fontaines', 'Eau', 'Rivières']",Jarrie,45.1043,5.7552
Mémoire n°57,Un monument historique classé en DANGER : Le prieuré de Vizille  ,"[""Collectif - les amis de l'histoire""]","['Lieux remarquables', 'Religions', ""Vie de l'association""]",Vizille,45.0793,5.7727
Mémoire n°57,A propos de la mutilation des personnages  ,"[""Collectif - les amis de l'histoire""]","['Lieux remarquables', 'Patrimoine']",Vizille,45.0793,5.7727
Mémoire n°57,La page du poète. Le cimetière de Vizille  ,[],"['Arts', 'Enseignement']",Vizille,45.0793,5.7727
Mémoire n°57,Premières écoles vizilloises  ,['Denis bellon'],"['Enseignement', 'Grandes périodes', 'Souvenirs', 'Vie locale']",Vizille,45.0793,5.7727
Mémoire n°57,Souvenirs de guerre (39/45) d'un écolier vizillois  ,['Jean huyghe'],"['Guerres', 'Récits', 'Souvenirs']",Vizille,45.0793,5.7727
Mémoire n°58,La faille de Vizille  ,['Thierry grand'],['Géologie'],Vizille,45.0793,5.7727
Mémoire n°58,De la pierre au ciment  ,['Paul girard'],['Arts'],Vizille,45.0793,5.7727
Mémoire n°58,L'usine électrique et la glacière à Vaulnaveys-le-Haut  ,['Charles paillet'],"['Activités artisanales', 'Activités industrielles', 'Personnages remarquables', 'Vie locale']",Uriage,45.1347,5.8239
Mémoire n°58,Une figure pittoresque du Château de Paille dans les années 1950 « Kiki la rate »  ,['Colette expilly'],"['Récits', 'Souvenirs']",Vizille,45.0793,5.7727
Mémoire n°58,Vizille à travers la presse et les revues  ,['Jean gonnet'],['Vie locale'],Vizille,45.0793,5.7727
Mémoire n°58,"je suis descendu de ma tribune, mais je vais revenir  ",['Daniel blanc-gonnet'],['Patrimoine'],Vizille,45.0793,5.7727
Mémoire n°58,Châteauneuf à Haute-Jarrie  ,['Pierre coing boyat'],"['Lieux remarquables', 'Patrimoine']",Jarrie,45.1043,5.7552
Mémoire n°58,"Résistance : Paul Reymond, un des derniers témoins  ",['Dominique rossi'],"['Guerres', 'Souvenirs']",Vizille,45.0793,5.7727
Mémoire n°58,Le symbolisme au cimetière Les animaux (2ème partie) (  ,['Marie-claude argoud'],"['Lieux du pays vizillois', 'Lieux remarquables', 'Traditions']",Vizille,45.0793,5.7727
Mémoire n°58,Une très curieuse adoption apparaît dans un registre d'état civil de Jarrie  ,['Pierre coing boyat'],['Histoires'],Jarrie,45.1043,5.7552
Mémoire n°58,Une très curieuse adoption apparaît dans un registre d'état civil de Jarrie  ,['Pierre coing boyat'],['Histoires'],Vizille,45.0793,5.7727
Mémoire n°58,"L'eau, les canaux Lignes de vie de notre histoire  ",['Marie-claude argoud'],"['Activités industrielles', 'Lieux du pays vizillois', 'Vie locale']",Vizille,45.0793,5.7727
Mémoire n°58,Table des articles publiés dans Mémoire du n° 49 au n° 55 ,[],"[""Vie de l'association""]",Vizille,45.0793,5.7727
Mémoire n°59,Les origines de Vizille  ,['Quentin jagadzinskil'],['Histoires'],Vizille,45.0793,5.7727
Mémoire n°59,Le premier festival de Vizille en 1973 - Till l'espiègle  ,['Jeannette della-vedova'],"['Théâtre', 'Vie locale']",Vizille,45.0793,5.7727
Mémoire n°59,Le Manoir des Rolland  ,['Pierre coing boyat'],"['Bâtiments et édifices', 'Lieux du pays vizillois']",Jarrie,45.1043,5.7552
Mémoire n°59,La peste en 1348 ..  ,['Denis bellon'],"['Grandes périodes', 'Histoires']",Jarrie,45.1043,5.7552
Mémoire n°59,La peste en 1348 ..  ,['Denis bellon'],"['Grandes périodes', 'Histoires']",Vizille,45.0793,5.7727
Mémoire n°59,Regards d'artistes  ,['Henri ondel'],['Arts'],Vizille,45.0793,5.7727
Mémoire n°59,« Marianne de profil » à l'Hôtel de Ville de Vizille  ,['Denis bellon'],"['Arts', 'Lieux remarquables']",Vizille,45.0793,5.7727
Mémoire n°59,Le tableau de l'Assemblée de Vizille par Alexandre Debelle  - ,['Paul girard'],"['Arts', 'Lieux remarquables']",Vizille,45.0793,5.7727
Mémoire n°60,Éditorial  ,['Denis bellon'],"[""Vie de l'association""]",Vizille,45.0793,5.7727
Mémoire n°60,Le retour de Lucie Baud  ,['Michèle perrot'],['Personnages remarquables'],Vizille,45.0793,5.7727
Mémoire n°60,Un nouveau siège - De Notre-Dame de Mésage à Vizille ( ,['Denis bellon'],"[""Vie de l'association""]",Vizille,45.0793,5.7727
Mémoire n°60,Quatre prix  ,['Denis bellon'],"[""Vie de l'association""]",Vizille,45.0793,5.7727
Mémoire n°60,Quatre prix  ,['Denis bellon'],"[""Vie de l'association""]",Vizille,45.0793,5.7727
Mémoire n°60,Les grands rendez-vous de l'histoire du Pays Vizillois ,['Denis bellon'],"[""Vie de l'association""]",Vizille,45.0793,5.7727
Mémoire n°60,Les numéros spéciaux  ,['Denis bellon'],"[""Vie de l'association""]",Vizille,45.0793,5.7727
Mémoire n°60,"Vizille, ville en transition  ",['Denis bellon'],"['Activités artisanales', 'Activités commerçantes', 'Activités industrielles', 'Actualités']",Vizille,45.0793,5.7727
Mémoire n°60,Faisons chanter « l'orgue du Pays Vizillois »  ,['Daniel blanc-gonnet'],['Lieux remarquables'],Vizille,45.0793,5.7727
Mémoire n°60,S.O.S. Prieuré  ,"['Nathalie poiret', 'Pierrette tournier']",['Lieux remarquables'],Vizille,45.0793,5.7727
Mémoire n°60,"La mascarade passe, et lonlonlère...  ",['Michèle delahaye-ferrafiat'],"['Récits', 'Vie locale']",Vizille,45.0793,5.7727
Mémoire n°60,Les nouveaux outils de communication  ,['Daniel blanc-gonnet'],"['Medias', 'Technologies', ""Vie de l'association""]",Vizille,45.0793,5.7727
Mémoire n°60,Le patrimoine funéraire  ,['Daniel blanc-gonnet'],"[""Vie de l'association""]",Vizille,45.0793,5.7727
Mémoire n°60,Histoire de Haute-Jarrie et de la famille Teyssier de Savy (suite)  ,['Pierre coing boyat'],"['Histoires', 'Personnages remarquables']",Jarrie,45.1043,5.7552
Mémoire n°61,Éditorial  ,['Denis bellon'],['Edito'],Vizille,45.0793,5.7727
Mémoire n°61,"L'épopée de Napoléon, d'une île à l'autre  ",['Patrick laudet'],"['Grandes périodes', 'Histoires', 'Personnages remarquables', 'Vie locale']",Vizille,45.0793,5.7727
Mémoire n°61,Le destin de la statue équestre de l'empereur  ,['Raymond joffre'],"['Arts', 'Histoires', 'Personnages remarquables']",Grenoble,45.1885,5.7245
Mémoire n°61,Les « Réfugiés Politiques Espagnols »  ,['Carlos vasquez-marquénez'],"['Guerres', 'Histoires']",Vizille,45.0793,5.7727
Mémoire n°61,La vie de deux adolescents dans la tourmente de la guerre (1939-1945) - Pierre Ruibet et Mathilde Robert  ,['Albert samuell'],"['Evènements', 'Guerres', 'Personnages remarquables']",Vizille,45.0793,5.7727
Mémoire n°61,Pierre Ruibet - Histoire complète  ,['Gérard guétat'],"['Guerres', 'Personnages remarquables']",Vizille,45.0793,5.7727
Mémoire n°61,Mistral gagnant à la Gaffe Vizille  ,"['Cécile mauvy (vivarat)', 'Monique canie']",['Souvenirs'],Vizille,45.0793,5.7727
Mémoire n°61,Qui était « Patte d'ours » et que nous raconte Alexandre Debelle ?  ,['Jean vallon'],"['Arts', 'Histoires']",Vizille,45.0793,5.7727
Mémoire N°62,Première du Festival de Vizille  ,['Louis beyler'],['Théâtre'],Vizille,45.0793,5.7727
Mémoire N°62,Les festivals de Louis Beyler - 1976-La mère  ,['Jeannette della-vedova'],['Théâtre'],Vizille,45.0793,5.7727
Mémoire N°62,"Paul Michel, photographe  ",['Jean huyghe'],['Arts'],Vizille,45.0793,5.7727
Mémoire N°62,"Paul Michel, photographe  ",['Jean huyghe'],['Arts'],Vizille,45.0793,5.7727
Mémoire N°62,"Paul Michel, photographe  ",['Jean huyghe'],"['Lieux remarquables', 'Photographie', 'Souvenirs']",Vizille,45.0793,5.7727
Mémoire N°62,Les élèves découvrent Vizille - Le château du Roi  ,[],"['Histoires', 'Lieux remarquables']",Vizille,45.0793,5.7727
Mémoire N°62,Les élèves découvrent Vizille - Notre Mairie  ,['Rémi riolan'],"['Histoires', 'Lieux remarquables']",Vizille,45.0793,5.7727
Mémoire N°62,Mathématiques et chemins de fer (ou René Thom sur le petit train de La Mure] (-  ,['Jacques gasqui'],"['Transports', 'Voies de communication']",Vizille,45.0793,5.7727
Mémoire N°62,Le prieuré de Vizille en BD  ,['Pierre martin'],['Lieux remarquables'],Vizille,45.0793,5.7727
Mémoire N°62,Le prieuré de Vizille en BD  ,['Georges martin'],"['Bâtiments et édifices', 'Lieux du pays vizillois', 'Lieux remarquables', 'Religions']",Vizille,45.0793,5.7727
Mémoire N°62,Le travail textile à Vizille  ,['Quentin jagadzinskil'],['Activités industrielles'],Vizille,45.0793,5.7727
Mémoire N°62,Les déplacements de Jean Jaurès en région « Rhône-Alpes » () ,['Catherine moulin'],"['Evènements', 'Personnages remarquables']",Vizille,45.0793,5.7727
Mémoire N°62,Les déplacements de Jean Jaurès en région «Rhône-Alpes» - 2ème partie  ,[],"['Histoires', 'Personnages remarquables']",Vizille,45.0793,5.7727
Mémoire n°63,Éditorial  ,['Denis bellon'],['Histoires'],Vizille,45.0793,5.7727
Mémoire n°63,L'ancien canton de Vizille de la préhistoire à l'AN MIL  ,['Jean-claude michel'],"['Grandes périodes', 'Lieux du pays vizillois']",Vizille,45.0793,5.7727
Mémoire n°63,Le dernier train  -  ,['Denis bellon'],['Voies de communication'],Vizille,45.0793,5.7727
Mémoire n°63,Les mémoires de Carmen Saunier  ,['Carmen saunier'],"['Histoires', 'Souvenirs']",Vizille,45.0793,5.7727
Mémoire n°63,Les Gourlus  ,['Claudie picot'],['Théâtre'],Vizille,45.0793,5.7727
Mémoire n°63,Le prieuré de Vizille en BD  ,['Georges martin'],"['Bâtiments et édifices', 'Lieux remarquables', 'Religions']",Vizille,45.0793,5.7727
Mémoire n°63,L'histoire du château de Cornage de Lesdiguières à nos jours  ,"['Gilles rey', 'Gérard mingat']","['Bâtiments et édifices', 'Lieux remarquables']",Vizille,45.0793,5.7727
Mémoire n°63,Bon Repos - Grandeur et décadence ou les misères d'un château ,['Pierre coing boyat'],"['Bâtiments et édifices', 'Lieux remarquables']",Jarrie,45.1043,5.7552
Mémoire n°63,1982 - Les Trois Mousquetaires - Louis Beyler Le Festival de Vizille fête ses 10 ans...  ,['Jeannette della-vedova'],"['Arts', 'Théâtre']",Vizille,45.0793,5.7727
Mémoire n°63,"Casimir, André, Gérard Berthon et le rugby  ",['Jeannette della-vedova'],"['Souvenirs', 'Sport']",Vizille,45.0793,5.7727
Mémoire n°63,Balade vizilloise au fil des panneaux  ,['Pierrette tournier'],"['Bâtiments et édifices', 'Lieux remarquables', ""Vie de l'association""]",Vizille,45.0793,5.7727
Mémoire n°64,Éditorial  ,['Denis bellon'],"['Divers', 'Lieux du pays vizillois', 'Lieux remarquables']",Vizille,45.0793,5.7727
Mémoire n°64,Le cahier de route de Charvet  ,['Pierrette tournier'],"['Histoires', 'Personnages remarquables']",Vizille,45.0793,5.7727
Mémoire n°64,Le tram ne viendra plus sur la place  ,['Denis bellon'],"['Histoires', 'Voies de communication']",Vizille,45.0793,5.7727
Mémoire n°64,Ils eurent leur temps de célébrité...! maintenant nos vieux trams tombent sous les coups des démolisseurs  ,['Aimé mollard'],"['Souvenirs', 'Voies de communication']",Vizille,45.0793,5.7727
Mémoire n°64,Le petit train départemental des V.F.D. a fait son dernier voyage  ,['Denis bellon'],['Voies de communication'],Vizille,45.0793,5.7727
Mémoire n°64,Des locomotives au pied des Alpes - De la gare Jarrie-Vizille à la gare  ,['Pascal reinhard'],['Voies de communication'],Jarrie,45.1043,5.7552
Mémoire n°64,Des locomotives au pied des Alpes - De la gare Jarrie-Vizille à la gare  ,['Pascal reinhard'],['Voies de communication'],Vizille,45.0793,5.7727
Mémoire n°64,Champagne à Brié - Mont-Rolland  ,"['Denise rostaing', 'Pierre coing boyat']","['Enseignement', 'Histoires']",Jarrie,45.1043,5.7552
Mémoire n°64,Le prieuré de Vizille en BD  ,['Georges martin'],"['Arts', 'Bâtiments et édifices', 'Lieux remarquables', 'Religions']",Vizille,45.0793,5.7727
Mémoire n°64,1979 - Ah ! Si Arthur était là... Le Vilème festival de Vizille  ,['Jeannette della-vedova'],"['Contes et légendes', 'Théâtre', 'Vie locale']",Vizille,45.0793,5.7727
Mémoire n°64,Histoire de la famille Brun - Du rouleau à pâtisserie au rouleau compresseur !  - ,['Jean-louis philip'],"['Activités commerçantes', 'Activités industrielles', 'Personnages remarquables']",Vizille,45.0793,5.7727
Mémoire n°64,Les facteurs ruraux du Pays Vizillois sous le Second Empire  ,['Jacques gasqui'],['Vie locale'],Vizille,45.0793,5.7727
Mémoire n°64,Le centre d'apprentissage bilan d'une année de travail - 14 juillet 1952  ,['Denis bellon'],"['Enseignement', 'Souvenirs']",Vizille,45.0793,5.7727
Mémoire n°64,Jean Seyer (Surville nom de code dans la Résistance) un Lorrain au maquis de l'Disans  ,['Denis bellon'],"['Evènements', 'Grandes périodes', 'Guerres', 'Histoires']",Vizille,45.0793,5.7727
Mémoire n°65,Éditorial  ,['Denis bellon'],"[""Vie de l'association""]",Vizille,45.0793,5.7727
Mémoire n°65,La centrale hydroélectrique des Vernes - Une histoire remarquable  ,['Marie-christine bailly-maitre -'],"['Activités industrielles', 'Canaux et fontaines', 'Eau', 'Personnages remarquables', 'Rivières']",Séchilienne,45.0676,5.8525
Mémoire n°65,La remplaçante  ,"[""Collectif - les amis de l'histoire""]",['Littérature'],Vizille,45.0793,5.7727
Mémoire n°65,La poésie du jour par l'intelligence artificielle sur Vizille  ,['Roland mastrorillo'],['Divers'],Vizille,45.0793,5.7727
Mémoire n°65,Parrainage des tuyaux d'orgue  ,['Daniel blanc-gonnet'],"['Arts', 'Bâtiments et édifices', 'Lieux remarquables']",Vizille,45.0793,5.7727
Mémoire n°65,Maurice Gaillard  ,['Bernard tixier'],"['Grandes périodes', 'Guerres', 'Personnages remarquables']",Vizille,45.0793,5.7727
Mémoire n°65,Souvenirs de Mohamed Boumeghra  ,['Jeannette della-vedova'],"['Evènements', 'Souvenirs', 'Vie locale']",Vizille,45.0793,5.7727
Mémoire n°65,Les vingt ans de l'association des amis de la chapelle  ,[],['Actualités'],Vizille,45.0793,5.7727
Mémoire n°65,Vizille demain  ,['Denis bellon'],"['Activités artisanales', 'Activités commerçantes', 'Arts']",Vizille,45.0793,5.7727
Mémoire n°66,40000€ pour le prieuré de Vizille  ,['Denis bellon'],"['Lieux remarquables', 'Patrimoine', ""Vie de l'association""]",Vizille,45.0793,5.7727
Mémoire n°66,La poésie du jour 0 par l'intelligence artificielle sur Vizille ,[],"['Littérature', 'Technologies']",Vizille,45.0793,5.7727
Mémoire n°66,Le tremplin de Saint-Nizier  ,['Denis bellon'],"['Evènements', 'Histoires', 'Lieux remarquables', 'Sport']",Grenoble,45.1885,5.7245
Mémoire n°66,Cérémonie du 11 novembre 2023  ,['Pierrette tournier'],"['Guerres', 'Récits', 'Souvenirs', 'Traditions', 'Vie locale']",Vizille,45.0793,5.7727
Mémoire n°67,Les papeteries de Vizille - Une histoire de familles,['Gérard coste'],"['Activités industrielles', 'Canaux et fontaines', 'Eau', 'Personnages remarquables', 'Rivières']",Vizille,45.0793,5.7727
Mémoire n°67,Château de Maupertuis dit Château d'Hugues,['Pierre coing boyat'],"['Bâtiments et édifices', 'Lieux du pays vizillois', 'Lieux remarquables']",Jarrie,45.1043,5.7552
Mémoire n°67,Le chemin de croix de Luc Barbier à l'église de Vizille,['Michel merlin - michel vallon'],"['Documents remarquables', 'Histoires', 'Lieux du pays vizillois', 'Lieux remarquables']",Vizille,45.0793,5.7727
